player_id,player,player_role,key_cricinfo
004c9e85,PJ Hughes,Batter,272364.0
008589a4,CM Wright,Unclassified,25123.0
00d69fa4,SO Tikolo,Batter,24728.0
00ea847a,MA Agarwal,Batter,398438.0
00ea9791,HP Tillakaratne,Batter,50744.0
012829ff,JW Hastings,All-Rounder,228622.0
0164b064,MG Neser,Unclassified,376169.0
016e5101,M Shezi,Unclassified,230860.0
017faef2,Z Groenewald,Bowler,446860.0
0184dc35,R Dravid,Batter,28114.0
0226b73a,Imran Haider,Bowler,943275.0
023f6b02,Nadeem Ahmed,Bowler,24230.0
024a173d,J Nyumbu,Unclassified,55666.0
024fe464,PD McGlashan,Batter,37770.0
02789d88,Shamsur Rahman,Batter,56154.0
02e83ac5,Naeem Islam,Batter,56054.0
03252e44,PA Jaques,Batter,6060.0
034b4b7d,VRV Singh,Unclassified,35281.0
03521fd3,HM Nicholls,Batter,539511.0
035cb925,AG Prince,Batter,46788.0
03806cf8,JR Hazlewood,Bowler,288284.0
03ce169b,Faisal Athar,Batter,40113.0
03d3dd8e,AF Buurman,Unclassified,24996.0
04029c44,Munir Dar,Unclassified,220613.0
0404d43c,Liton Das,Batter,536936.0
047945ae,BO van Rooi,Unclassified,24798.0
047c67ba,Saqlain Mushtaq,Bowler,42628.0
047d9032,JJ Krejza,Unclassified,6235.0
0480aba6,Enamul Haque jnr,Bowler,55882.0
04a418e8,R Parag,Unclassified,1079434.0
04f4f2e1,Saqib Ali,Batter,42746.0
053f3ce3,D Ravu,Unclassified,1122557.0
0557a636,RT Crandon,Unclassified,275943.0
056f58dd,KC Hodsoll,Unclassified,307235.0
05c2ca46,RE van der Merwe,Batter,47850.0
05d74535,Saeed Ajmal,Bowler,42699.0
05da443b,Adnan Akmal,Unclassified,39038.0
05de1a5a,GC Wilson,Batter,24609.0
05e0fab5,CS Martin,Unclassified,37700.0
05f96194,MA Jones,Batter,1093091.0
0604ef16,SB Bangar,Unclassified,27225.0
0605de92,HD Rutherford,Batter,331375.0
068c47d2,JJ Davidson,Bowler,1195676.0
06a9d298,A Patel,Bowler,23770.0
06c2de82,L Gregory,All-Rounder,362201.0
06cad4f0,A Sharafu,Batter,1161038.0
06e649a0,RK Whelan,Unclassified,245186.0
0730a707,SI Kamea,Bowler,1115025.0
074acfb4,Asif Khan,Batter,315232.0
075e9f9c,Moniruzzaman,Batter,56011.0
07687c15,Sultan Ahmed,Unclassified,873769.0
079d9bdc,BA Westdijk,Unclassified,413702.0
07b6f54c,DDP D'Silva,Batter,1126694.0
07ff32f5,Khurram Nawaz,Unclassified,1077309.0
08323d6b,K Whatham,Unclassified,492924.0
083e01d9,Matiullah Khan,Unclassified,1241201.0
08548b13,PHKD Mendis,Batter,784373.0
086f5984,Junaid Khan,Bowler,259551.0
0882b3f1,RJ van Vuuren,Bowler,24825.0
08a4f9ad,DC Thomas,Batter,248920.0
08bae9d5,PLS Gamage,Unclassified,268845.0
090f9211,Shahadat Hossain,Unclassified,56149.0
0939c670,MA Ouma,Batter,24750.0
098a757c,Muhammad Jawadullah,Unclassified,1353033.0
099135ad,Aryan Lakra,Batter,1058989.0
0994d0ae,V Shankar,Batter,477021.0
09a9d073,J Charles,Batter,333066.0
0a2184d9,D Lakshan,Unclassified,792519.0
0a3d54b9,VR Aaron,Unclassified,360911.0
0a4735b4,RA Jones,Batter,37494.0
0a4736eb,Asif Ali,Batter,494230.0
0a476045,S Dhawan,Batter,28235.0
0a4c6dfd,Arshad Khan,Bowler,39005.0
0a509d6b,RK Singh,Bowler,723105.0
0a8fce53,Mustafizur Rahman,Bowler,330902.0
0a951319,SL Stewart,Batter,38418.0
0a9d8b61,JL Carter,Batter,314615.0
0aa14354,Saeed Anwar,Batter,42605.0
0b0cc297,Tanzim Hasan Sakib,All-Rounder,1139520.0
0b130202,CL Cairns,All-Rounder,36597.0
0b2a170a,R Strydom,Unclassified,303341.0
0b581ed6,J Sumerauer,All-Rounder,1112220.0
0b60eb09,KA Maharaj,Bowler,267724.0
0b7930ed,BJ Patel,Batter,24776.0
0b7b78c6,Hammad Mirza,Batter,1453642.0
0be1b885,Danish Kaneria,Unclassified,40043.0
0bf15e52,Harmeet Singh,Unclassified,422847.0
0c2730df,A Kumble,Unclassified,30176.0
0c637131,WF Stelling,All-Rounder,47232.0
0c8a1d51,Khaled Mahmud,Unclassified,55952.0
0cc2c8b6,TE Tucker,Unclassified,307237.0
0cc343b0,NB Mahwire,Unclassified,55628.0
0d08cbcb,Mushtaq Ahmed,Unclassified,41316.0
0d37dea9,DE Budge,Unclassified,764321.0
0d677597,W Barresi,Batter,44407.0
0db94786,NA Statham,Batter,24956.0
0dbe27b8,BD Glover,Unclassified,595419.0
0dc00542,Shahid Afridi,Bowler,42639.0
0e0afd8b,MO Jones,Unclassified,257574.0
0e9af639,Talha Jubair,Unclassified,56180.0
0ebfb1ad,E Lewis,Batter,431901.0
0ec9e2c4,Mohammad Talha,Bowler,227771.0
0ecb4de6,Rehan Ahmed,Bowler,1263691.0
0f12f9df,NLTC Perera,Bowler,233514.0
0f348f58,Sunzamul Islam,Bowler,380974.0
0f6db197,S Mahmood,Bowler,643885.0
0f721006,JO Holder,Batter,391485.0
0fa5042b,L Ronchi,Batter,7502.0
0fdabe05,V Sibanda,Batter,55787.0
101d1e85,KJJ van Noortwijk,Batter,24974.0
10840285,AL Kandappah,Batter,313432.0
10a2a1ff,PG Fulton,Batter,37091.0
10a91f35,Shoaib Akhtar,Bowler,42655.0
10c158cc,K Sonavale,Batter,1443393.0
11196470,TV Mufambisi,Batter,55643.0
112959b2,A Bagai,Batter,23797.0
11614d87,D Pretorius,Bowler,327830.0
119678fd,KV Sharma,Unclassified,30288.0
11ce1151,MKDI Amerasinghe,Bowler,48139.0
11df3dc8,MJ Lumb,Batter,16406.0
1200550f,MJ Prior,Batter,18675.0
122108d8,S Chattergoon,Batter,51492.0
1236044e,LR Naylor,Batter,1195683.0
123e663a,S Dhaniram,All-Rounder,51738.0
1252f71a,MRJ Watt,Bowler,659081.0
126e56a1,Wasim Akram,Bowler,43547.0
1274d7ab,Nazmul Hossain Shanto,Batter,629058.0
127bc5ca,NGRP Jayasuriya,Unclassified,422871.0
12b59324,RP Lefebvre,Unclassified,24918.0
12b610c2,TM Head,Batter,530011.0
12bffe91,LL Tsotsobe,Bowler,47666.0
12c3ba4d,P Khadka,Batter,25967.0
12eddf28,RJ Harris,Bowler,5779.0
12f6b3bd,N Kruger,Batter,355107.0
134ba8ae,ADR Campbell,Batter,55301.0
13c35c9e,TG Southee,Bowler,232364.0
1417ba2f,JJC Lawson,Unclassified,52413.0
14810ee7,Kaleem Sana,Bowler,385938.0
1494a583,Dhiman Ghosh,Unclassified,56208.0
14b14cd8,DM Bravo,Batter,277472.0
14f96089,A Zampa,Bowler,379504.0
151e8077,CS Baugh,Unclassified,51446.0
1530a7e9,F Kasteni,Batter,55551.0
1558d83b,GS Sandhu,Unclassified,499660.0
156378d8,S Jora,Batter,1161022.0
156d0ea2,SR Mukkamalla,Batter,1193310.0
158d6619,DOD Rikhi,Batter,1276395.0
15d1b59e,NA de Groot,Batter,23854.0
15de1f5d,WA Agar,Unclassified,959833.0
1688f2dc,T Lungameni,Bowler,524075.0
16dfcc19,Umar Gul,Bowler,43524.0
174369f2,NAM McLean,Unclassified,52430.0
1747ea18,DS Airee,Batter,794707.0
1777c020,Fakhar Zaman,Batter,512191.0
17aa4f1d,Aaron Jones,Batter,957645.0
17b641bf,SD Udal,Unclassified,22144.0
17efdeb8,Raqibul Hasan,Batter,56093.0
17f552bf,SV Carlisle,Batter,55307.0
17fbaab5,FL Reifer,Batter,52808.0
18261c22,SJ Myburgh,Batter,233712.0
18356eb3,GB Murgatroyd,Batter,24799.0
18eaf2fa,Amjad Javed,Batter,25613.0
18fac429,SR Patel,Batter,18632.0
193ef196,Sharjeel Khan,Batter,227762.0
19708692,MW Parkinson,Bowler,653695.0
19d0a172,G Hoey,Unclassified,1195662.0
1a156c88,DJM Short,Batter,308798.0
1a2676c5,SA Abbott,Unclassified,398666.0
1a3cc554,RK Paudel,Batter,1072488.0
1a448be0,B White,Unclassified,928059.0
1a8ad45c,SJ Cameron,Bowler,873205.0
1a8eebbe,Shafiul Islam,Unclassified,288305.0
1abb78f8,SN Thakur,Bowler,475281.0
1ac2a995,HR Walsh,Unclassified,443263.0
1adb8ee8,Sompal Kami,Bowler,701215.0
1af1bc4b,JH Desai,Unclassified,25880.0
1afdbdbf,JWM Dalrymple,Batter,11974.0
1b3acd33,MD Bates,Bowler,36590.0
1b668884,MS Sinclair,Batter,38393.0
1b6fef02,P Mustard,Batter,17185.0
1bae756b,ADS Fletcher,Batter,51862.0
1bb0993e,Abu Jayed,Unclassified,410763.0
1bd16445,VM Nyauchi,Unclassified,453277.0
1be67d37,RTM Mendis,Unclassified,629084.0
1be70c88,LPC Silva,Batter,50431.0
1c17e270,RV Uthappa,Batter,35582.0
1c790f4f,Rumman Raees,Unclassified,448243.0
1c914163,Yuvraj Singh,All-Rounder,36084.0
1cb14aa4,CJ Dala,Unclassified,545467.0
1cb64b3c,CB Lambert,Unclassified,25635.0
1d048deb,BOP Fernando,Batter,366725.0
1d5dd8a6,N Ifill,Batter,23816.0
1dc12ab9,SK Raina,Batter,33335.0
1e25b5bf,C Carter,Batter,919493.0
1e5708ac,Zahid Hussain,Unclassified,43726.0
1e66c162,JD Unadkat,Bowler,390484.0
1e7b1aa7,Saleem Elahi,Batter,42620.0
1e960f2a,C Kieswetter,Batter,230855.0
1edf29b9,Akshay Homraj,Batter,1205381.0
1ee08e9a,JA Richardson,Bowler,774223.0
1efd9f52,LJ Hamilton,Unclassified,37228.0
1eff8625,SC Joseph,Batter,52206.0
1f3ad23f,DR Chumney,Batter,23767.0
1f6cbaff,TC Bastiampillai,Batter,23874.0
1f7adc8a,Arafat Sunny,Bowler,56268.0
1fb2f362,IS Billcliff,Batter,23850.0
1fc6ef83,SD Hope,Batter,581379.0
1fe81cc9,T Kamungozi,Unclassified,235521.0
2008fc75,TT Samaraweera,Batter,50424.0
207c4398,SP Jones,Unclassified,15555.0
208f22ea,DJ Worrall,Unclassified,557298.0
20a941bb,M Ntini,Bowler,46592.0
20ab5aad,PD Blignaut,Unclassified,1256934.0
20f3a03d,RM Jariwala,Unclassified,1193304.0
20f4a109,TGJ Gruijters,Unclassified,364300.0
20fbf68c,Reon King,Unclassified,52294.0
210b05cb,Ehsan Adil,Unclassified,547092.0
210f4a5d,SH Lewis,Unclassified,1086206.0
211de69f,Azhar Ali,Batter,39037.0
21231130,JJ Esmeijer,Unclassified,24891.0
2182013e,SW Masakadza,Bowler,343529.0
218c7eab,Basir Ahamad,Unclassified,1290587.0
21afb939,Shoaib Khan,Batter,1276700.0
21b97584,Mrittunjoy Chowdhury,Unclassified,1012137.0
21bf71ab,T Mupariwa,Bowler,55652.0
21d4e29b,Navdeep Saini,Unclassified,700167.0
21e5f325,TA Blundell,Batter,440516.0
221ad9d9,GP Swann,Bowler,20431.0
2254ab79,Sarfraz Ahmed,Batter,227760.0
2259c12d,Tabarak Dar,Batter,24139.0
22860288,RJ Kirtley,Unclassified,15901.0
22ae3041,Fawad Ahmed,Unclassified,240609.0
22b98d7c,TW Hartley,Unclassified,1150772.0
22bd731a,DG Brownlie,Batter,4493.0
22feee04,Zubayr Hamza,Batter,550187.0
2318ba22,TLW Cooper,Batter,219885.0
235c2bb6,H Klaasen,Batter,436757.0
23cca426,OF Smith,All-Rounder,820691.0
23eeb873,DL Chahar,All-Rounder,447261.0
23f94c02,J Drysdale,Bowler,1427052.0
24104e5c,Tanbir Hayder,Unclassified,421892.0
243431b5,KJ O'Brien,Batter,24605.0
244048f6,Arshdeep Singh,Bowler,1125976.0
248698f4,DSK Madushanka,Unclassified,1043681.0
2498e163,JR Hopes,All-Rounder,5702.0
249d60c9,AU Rashid,Bowler,244497.0
24bb1c2f,Haris Rauf,Bowler,1161606.0
24ecc358,TM Dowlin,Batter,51660.0
24fcd95d,Kashif Daud,All-Rounder,229225.0
25020f9d,AR Caddick,Bowler,10633.0
2503e881,A Nel,Bowler,46569.0
25550d06,GI Hume,Bowler,379144.0
25d7f1ac,MD Patel,Batter,1159641.0
25d8d51a,KH Butt,Batter,24212.0
25e26a23,Najeeb Amar,Unclassified,42106.0
25f7b7d6,T Banton,Batter,877051.0
261d6559,Naved Latif,Batter,42066.0
26534b48,AM Guruge,Bowler,49013.0
267269e1,Faisal Iqbal,Batter,40088.0
26a85969,R Dhawan,Unclassified,290727.0
26d041c4,Sikandar Raza,Batter,299572.0
26e5cabf,MK Tiwary,All-Rounder,35565.0
26f12506,CT Mutombodzi,Batter,333001.0
26ff4c29,RJ Peterson,Batter,46750.0
270b3f8e,JK Kamande,Batter,24697.0
270bf7e2,KV Morea,Bowler,524255.0
27159c6a,RM Haq,Bowler,25451.0
271f83cd,SA Yadav,Batter,446507.0
27258b3e,ML Patel,Batter,24784.0
27410b17,PW Gunaratne,Unclassified,49043.0
2764133a,L Vincent,Batter,38714.0
279c51f0,Aakash Chand,Bowler,1185557.0
27b8d7b6,K Birkenstock,Batter,1057456.0
27cc4361,PJ Ongondo,Bowler,24762.0
27d1cc51,PA Hitchcock,Unclassified,37263.0
28131839,MA Leask,All-Rounder,414966.0
28392e11,Zaman Khan,Unclassified,1272475.0
28496266,CT Mumba,Unclassified,672775.0
28c7d721,S Bhari,Bowler,633525.0
28ed9134,S Thuraisingam,Bowler,23856.0
290cba17,SJ Modani,Batter,1276393.0
2911de16,Hasan Ali,Bowler,681305.0
2957a836,GJP Kruger,Unclassified,45888.0
29b89ae8,WB Rankin,Bowler,24599.0
29e253dd,Iftikhar Ahmed,Batter,480603.0
29e95537,AM Rahane,Batter,277916.0
2a04400b,Sabir Ali,Bowler,1328438.0
2a242d58,Simandeep Singh,Batter,633410.0
2a2e6343,DT Christian,Bowler,4864.0
2a731841,Tareq Aziz,Unclassified,56188.0
2a9eee66,Vikramjit Singh,Batter,1153767.0
2af838ee,N Pradeep,Unclassified,324358.0
2b30ca91,MR Johnson,Batter,25877.0
2b6e6dec,AC Gilchrist,Batter,5390.0
2b76eb00,AS Luseno,Unclassified,24703.0
2b8b75a0,H Osinde,Bowler,212175.0
2b944fb7,JS Ababu,Unclassified,24768.0
2bb09eb2,Mohammad Ashraful,Batter,55988.0
2be41edb,MJ Guptill,Batter,226492.0
2c13defe,TM Odoyo,All-Rounder,24705.0
2c54c49b,MJ Humphreys,Unclassified,1263361.0
2c997ad3,KMC Bandara,Unclassified,362079.0
2cc08c3c,Shahid Wasif,Unclassified,919489.0
2cccba8f,Sanwar Hossain,Batter,56107.0
2cdce1be,C Sakariya,Unclassified,1131754.0
2cfa6534,Manjural Islam,Unclassified,55968.0
2cffab74,Mukesh Kumar,Unclassified,926851.0
2d03c3f8,C Cassell,Bowler,1444192.0
2d4465da,SG Whittingham,Bowler,627732.0
2d783277,I Maraj,Batter,23846.0
2e0fcc58,AG Wharf,Bowler,22380.0
2e11c706,BCJ Cutting,Unclassified,230371.0
2e171977,AR Patel,Bowler,554691.0
2e2fe3e8,DP Hyatt,Batter,52197.0
2e78f685,KR Sen,Unclassified,1163695.0
2e81a32d,B Kumar,Bowler,326016.0
2e8994e7,JP Duminy,Batter,44932.0
2e929b99,GO Jones,Batter,15501.0
2e9fdf9b,DAJ Bracewell,Bowler,362541.0
2ecd844a,BJ Currie,Bowler,1000791.0
2ed569a0,RD Chahar,Unclassified,1064812.0
2eece016,RN Bhatia,Unclassified,1156689.0
2ef4f045,ME Sanuth,Batter,378457.0
2f0d7e4a,RW Chakabva,Batter,293831.0
2f26ac1a,Mohammad Rizwan,Batter,323389.0
2f28dc94,RAS Lakmal,Bowler,49619.0
2f49c897,Mohammed Siraj,Bowler,940973.0
2f8a9682,RS Morton,Batter,52445.0
2f9d0389,LH Ferguson,Bowler,493773.0
2fdd16fe,RG Aga,Batter,24716.0
2feb5b8d,Akhil Kumar,Bowler,1193293.0
3029e282,Umar Amin,Batter,288211.0
304c9c2e,RO Hurley,Unclassified,52076.0
3086f7a4,Mohammad Nawaz,Unclassified,348148.0
30a45b23,SPD Smith,Batter,267192.0
30b60511,LHD Dilhara,Bowler,48487.0
314642ed,K Sinclair,Bowler,1206110.0
3165bc1b,Krishna Chandran,Batter,290645.0
31803fac,Abu Hider,Unclassified,550137.0
3185266a,DLS van Bunge,Batter,24964.0
31ca7a9c,Ethan D'Souza,Batter,1345983.0
31ce61ab,BA Murphy,Bowler,55610.0
31e31116,SJ Swanepoel,Batter,24846.0
31fbf891,H Masakadza,Batter,55608.0
3204c99f,G Coetzee,Bowler,596010.0
32198ae0,MC Henriques,Batter,5961.0
321be7e3,A Ashok,Unclassified,1193546.0
3227beb4,IJ Harvey,Bowler,5597.0
323e4c16,HDPK Dharmasena,Unclassified,48469.0
3241e3fd,N Pooran,Batter,604302.0
327b58d3,PVD Chameera,Unclassified,552152.0
32a8161e,JW Jenner,Batter,526462.0
3300d23c,SF Mire,Batter,290462.0
33085ffb,D Elgar,Batter,230852.0
33155d1b,IR Bell,Batter,9062.0
331bd689,MA Suji,Unclassified,24725.0
331ea488,UT Khawaja,Batter,215155.0
3355b542,F du Plessis,Batter,44828.0
33609a8c,Saim Ayub,Batter,1161031.0
33742f04,Usman Qadir,Unclassified,348152.0
33a50ecf,RL Powell,Batter,52681.0
33b3d2df,GJ Delany,Batter,1099379.0
33cb3411,Younis Khan,Batter,43652.0
33f28243,Naved-ul-Hasan,Bowler,42272.0
340db614,A Maregwede,Batter,55573.0
342d8ade,CRD Fernando,Bowler,48835.0
34464143,Zeeshan Maqsood,Batter,585083.0
3473e5f2,DS Weerakkody,Batter,499592.0
348195ea,GW Flower,Batter,55429.0
34b332d3,DC Drakes,Bowler,906749.0
34c823b0,D Keulder,Batter,24796.0
34cb2f69,Hamza Tahir,Bowler,751151.0
34d2ca48,LP van Troost,Batter,24969.0
34ff9e07,PA de Silva,All-Rounder,48462.0
350bb1b1,AF Milne,Unclassified,450860.0
35205dfc,DR Smith,Batter,53118.0
3560a786,C Madande,Batter,1045883.0
3576e47e,S Badrinath,Batter,26806.0
35971419,Waqas Khan,Batter,633426.0
359e430a,DCC Borden,Bowler,23756.0
35aa26af,A Flower,Batter,55427.0
35f4cf7e,Kamran Ghulam,Batter,623636.0
364ee2cf,SJ Benn,Unclassified,51248.0
365229a8,K Doriga,Batter,646173.0
3674b3c1,K Phillip,Unclassified,1150684.0
36d33dd0,RR Sarwan,Batter,52969.0
36fc8d18,GM Ewing,Bowler,55419.0
3703d634,S Weerakoon,Unclassified,50914.0
37137c8b,BV Vitori,Unclassified,235514.0
37138918,Afif Hossain,Batter,935995.0
372455c4,Q de Kock,Batter,379143.0
37312a74,Mudassar Bukhari,Bowler,245166.0
374bb5e7,K Klein,Bowler,1195670.0
37654b75,Nasum Ahmed,Unclassified,348049.0
3766056b,BJ McCarthy,Bowler,348059.0
37b67a54,MDJ Walker,Unclassified,38760.0
37f501d7,HH Streak,Unclassified,55761.0
3812d56b,MH Yardy,Batter,23523.0
38214163,M Faraz Akram,Bowler,1122851.0
383dd431,TD Astle,All-Rounder,213674.0
3847ec84,JI de Villiers,Unclassified,948659.0
39086549,JR Philippe,Batter,1124282.0
390ff45b,Abdul Razzaq,All-Rounder,39836.0
395179e8,D Parashar,All-Rounder,1294144.0
3967930c,RL Johnson,Bowler,15522.0
39713d08,Mohammad Boota,Batter,1125867.0
3979b5e0,L Tucker,Batter,928057.0
397f4d3a,BM Wheeler,Unclassified,440523.0
39ef812b,S Keshvani,Unclassified,23879.0
39f01cdb,KP Pietersen,Batter,19296.0
3a026eb4,Rizwan Cheema,Bowler,361952.0
3a0f6df2,Zulfiqar Babar,Unclassified,43871.0
3a60e0b5,WD Parnell,Bowler,265564.0
3a7ea906,VJ Kingma,Bowler,416103.0
3a9adcce,CJ Smith,Batter,23691.0
3abe1ef6,A Ndlovu,Bowler,596456.0
3b041a12,Tamim Iqbal,Batter,56194.0
3b417422,T Panyangara,Unclassified,55705.0
3b50c63a,KS Lokuarachchi,Bowler,49557.0
3b53243a,XC Bartlett,Bowler,1050545.0
3b8e7647,SP Krishnamurthi,Batter,1277627.0
3c00e140,Lovepreet Singh,Batter,1241238.0
3c4007d3,Sagar Pun,Batter,524095.0
3c55c703,JG Bethell,All-Rounder,1194959.0
3c6ffae8,YK Pathan,Batter,32498.0
3c87f0c3,JN Frylinck,All-Rounder,482478.0
3cacbb57,A Martin,Bowler,245373.0
3ce127f2,Asif Iqbal (1),Batter,39898.0
3cf5ae43,Yasir Arafat,Unclassified,43654.0
3cf83487,AJ Bichel,All-Rounder,4146.0
3d0ed2f9,JT Ball,Unclassified,414990.0
3d189742,Shabbir Ahmed,Bowler,42632.0
3d284ca3,PD Salt,Batter,669365.0
3d5d51a5,T Marumani,Batter,946507.0
3d8feaf8,MR Marsh,All-Rounder,272450.0
3de06845,S Vesawkar,Batter,25977.0
3df3f50b,Waheed Ahmed,Unclassified,950309.0
3e326efc,JNT Vare,Unclassified,25065.0
3e51db81,C Zhuwao,Batter,235532.0
3e722460,CR Foggo,Batter,23700.0
3e91a87f,TJ Friend,Batter,55438.0
3eac9d95,JDP Oram,All-Rounder,38062.0
3eb7c45d,Imran Nazir,Batter,40563.0
3edb58fc,AD Mascarenhas,Batter,16932.0
3ee0050f,PM Liyanagamage,Unclassified,826689.0
3ee90b67,Khalid Kail,Batter,624813.0
3f18724b,MC Sorensen,Bowler,531953.0
3f4b9ae5,Abdul Jabbar,Batter,313526.0
3f5f39cd,Al-Amin Hossain,Bowler,511532.0
3f61a062,BTJ Wheal,Bowler,807535.0
3f659464,OP Stone,Unclassified,457279.0
3fb197cd,TMK Mawoyo,Batter,55597.0
3fb19989,MA Starc,Bowler,311592.0
3fb56752,Shahid Ahmadzai,Unclassified,1120355.0
3fbb43a9,Saad Nasim,Batter,317248.0
3fc3b204,Mushfiqur Rahman,Batter,55976.0
3feda4fa,RL Chase,Batter,391832.0
3ff033bb,MD Shanaka,Batter,437316.0
400e2d4d,FDM Karunaratne,Batter,227772.0
40c041ea,Imam-ul-Haq,Batter,568276.0
4167f30b,IG Holland,All-Rounder,334340.0
4180d897,JE Taylor,Bowler,53191.0
41c8bae3,KT Sandher,Bowler,23824.0
41eb4a4f,R Vinay Kumar,Unclassified,35731.0
41fc1ece,BB Chari,Batter,427178.0
42172c3c,JT Smuts,All-Rounder,280490.0
42537f07,JA Rudolph,Batter,47015.0
42a05795,GW Aldridge,Unclassified,36187.0
42bf1b7d,H Carlyon,Batter,1062706.0
42d1b920,WCA Ganegama,Unclassified,49008.0
4329fbb5,SR Watson,All-Rounder,8180.0
4347a4ae,AJ Burger,All-Rounder,24839.0
434e36b1,UDU Chandana,Bowler,48369.0
436c763a,BJ McMullen,All-Rounder,949473.0
4373c57e,JH Stander,Unclassified,298195.0
43936951,DR Tuffey,Bowler,38620.0
43b375d4,Abdur Rauf,Bowler,39084.0
43f4087c,NA Rock,Batter,1112535.0
441b1b20,LS Baker,Bowler,51431.0
4487cc09,LOB Cann,Batter,23681.0
449f4e3c,B Muzarabani,Unclassified,827051.0
44a2bb4f,U Bhagwan,Unclassified,1387900.0
44d6a8b8,Ayan Khan,Batter,956319.0
45477249,MO Odumbe,All-Rounder,24708.0
4557dc54,PA van Meekeren,Bowler,348109.0
45642393,Muhammad Usman,Batter,974719.0
45963d9e,N Dickwella,Batter,429754.0
45a43fe2,RD Gaikwad,Batter,1060380.0
45a7e761,Shaheen Shah Afridi,Bowler,1072470.0
45c2196c,DE Bollinger,Bowler,4508.0
45d4cb14,RD Shah,Batter,24719.0
45de8d3e,Samiullah Khan,Unclassified,43235.0
45df0e72,CJ Bowes,Batter,379890.0
45eda7c8,CA Lynn,Batter,326637.0
46050f42,GA Rogers,Unclassified,272473.0
462411b3,JJ Bumrah,Bowler,625383.0
462d7c62,D Paterson,Unclassified,327947.0
463cd7cb,CD Cumming,Batter,36627.0
465aa633,N Burger,Bowler,971349.0
4663bd23,TL Seifert,Unclassified,625964.0
469ccead,CB Sole,Bowler,671823.0
469ea22b,KMDN Kulasekara,Bowler,49535.0
474a8333,Nasir Javed,Unclassified,25625.0
4751caa3,CBRLS Kumara,Unclassified,784375.0
478a63e7,C Campher,All-Rounder,595921.0
47c5aae7,AM Bacher,Batter,44024.0
47d00fb5,RL Bhudia,Unclassified,24773.0
480ed517,Imran Farhat,Batter,40582.0
48301a4b,D la Cock,Batter,1178065.0
4861d29b,Mohammad Naveed,Bowler,533862.0
488b7e1b,SHT Kandamby,Batter,49363.0
48a1d7b7,SO Hetmyer,Batter,670025.0
48ad3373,BM Tickner,Unclassified,854909.0
48f177f5,AJ Redmond,Batter,38264.0
48fa71c3,Mohammad Iqbal,Batter,41440.0
48fd7349,MEK Hussey,Batter,5939.0
49118dc7,SO Ngoche,Bowler,308515.0
49212b50,DA Minors,Batter,23688.0
4933f499,JP Behrendorff,Bowler,272477.0
4948a447,Farhad Reza,Unclassified,55894.0
4957b300,A Neill,Bowler,1148466.0
495d42a5,R Ashwin,Bowler,26421.0
49691d7a,CB Mpofu,Unclassified,55633.0
4992d6f6,ST Doheny,Batter,961401.0
49b6c09f,JC Tredwell,Bowler,21646.0
49dc9cb4,KAR Hodge,Batter,348091.0
49dfe4a4,EJ Richardson,Unclassified,364302.0
4a25c894,HAPW Jayawardene,Unclassified,49236.0
4a36c370,N Madziva,Bowler,453289.0
4a461c24,LA Dawson,Unclassified,211855.0
4a745f65,AR Nurse,Unclassified,315594.0
4a84f573,T Duffin,Batter,55391.0
4a8a2e3b,MS Dhoni,Batter,28081.0
4aad78d3,K Zondo,Batter,318842.0
4ae1755b,HC Brook,Batter,911707.0
4aef496b,Nazimuddin,Batter,56059.0
4b2d6789,TS Chisoro,Bowler,235519.0
4b57e452,M Vijay,Batter,237095.0
4ba44e19,M Muralitharan,Bowler,49636.0
4bc0a378,WP Masakadza,Unclassified,571703.0
4c3bd588,Sami Faridi,Unclassified,43041.0
4c4a06fb,Nasir Jamshed,Batter,42321.0
4c4fa80b,SMSM Senanayake,Bowler,273439.0
4c5d73db,CR Woakes,Bowler,247235.0
4c61a0f9,NW Bracken,Bowler,4185.0
4c7df2c8,Mohammad Shahzad,Bowler,738445.0
4c931d56,AA Donald,Unclassified,44716.0
4cbce738,D Daesrath,Unclassified,51739.0
4cbf2e06,Saad Ali,Unclassified,547085.0
4cd3960e,KADM Fernando,Unclassified,48821.0
4d05a82e,Mohammad Kashif,Bowler,243073.0
4d1ec7eb,A Nao,Unclassified,524247.0
4d220a66,CJ Nevin,Batter,38009.0
4d3097d8,GJ Hopkins,Unclassified,37248.0
4d6d6280,Salman Butt,Batter,42683.0
4d7f517e,AJ Hosein,Bowler,530812.0
4d84ad05,CJA Amini,Batter,332980.0
4d9f9686,Soumya Sarkar,Batter,436677.0
4dcd505e,Jamaluddin Ahmed,Unclassified,55938.0
4e1b02fb,Kamran Hussain,All-Rounder,41058.0
4e1b4323,TS Kamunhukamwe,Batter,713811.0
4e1c9f6e,Sandeep Goud,Batter,1174024.0
4e5cf2d6,Afzaal Haider,Unclassified,39121.0
4ebc70ca,GT Main,All-Rounder,470777.0
4ec07775,RN ten Doeschate,All-Rounder,47660.0
4f629497,SE Bond,Bowler,36326.0
4f7279a4,Raza Hasan,Unclassified,343548.0
4fc516bd,HMCM Bandara,Bowler,48284.0
4ff67681,MM Iqbal,Batter,25433.0
50250426,Asad Shafiq,Batter,316397.0
502b2c81,XJ Doherty,Unclassified,5017.0
5056011d,GJ Bailey,Batter,4451.0
50758325,B Geeves,Bowler,5472.0
508a1ea7,SE Marsh,Batter,6683.0
509a7ca1,MD Gunathilaka,Batter,345821.0
50a92895,KY Ottley,Batter,416190.0
50c6bc2b,LS Livingstone,All-Rounder,403902.0
51080a1f,JF Kloppenburg,Bowler,24901.0
513158ed,AM Samad,Batter,23826.0
5147ad5b,Aman Ali,Unclassified,319613.0
51a36d3e,GH Worker,Batter,277911.0
51a3c5ef,MJ McClenaghan,Bowler,319439.0
51de2a80,DJ Cullen,Unclassified,4882.0
51e1ed69,SG Borthwick,Unclassified,310519.0
5208c0a1,DI Allan,Batter,472153.0
525c3f54,AR Adams,Bowler,36192.0
526e006d,Jay Odedra,Bowler,1136106.0
527b2c2d,Skhawat Ali,Batter,208252.0
527c2dab,C Floyd,Unclassified,1200616.0
5284c884,Mahbubul Alam,Unclassified,56032.0
52980a48,TN de Grooth,Batter,25022.0
529eb9e0,OC McCoy,Unclassified,906783.0
52c952d9,T Sangha,Unclassified,1170471.0
52e8dd6b,Zaheer Maqsood,Unclassified,43776.0
52f96571,RJ Trott,Bowler,267454.0
53597be1,BRM Taylor,Batter,55814.0
537021f5,JT Brassell,Bowler,1310415.0
53bc7b84,Aftab Ahmed,Batter,56266.0
53fa62a2,Fahad Alhashmi,Bowler,220521.0
53fe6ee4,DS Lehmann,All-Rounder,6285.0
540ffb25,BL Kotze,Unclassified,24807.0
5426de63,HB Shipley,Bowler,962831.0
54279e23,Alok Kapali,Batter,56251.0
543b4a1f,R Telemachus,Unclassified,47539.0
543d3e69,KAD Hurdle,Bowler,23685.0
5441db8c,Aizaz Cheema,Bowler,39821.0
54501715,Badal Singh,Unclassified,279710.0
5471024e,JM Davison,All-Rounder,23852.0
54725e8b,IH Romaine,Batter,23725.0
548d4188,KS Airee,Unclassified,1072482.0
549aefcd,BJ Diamanti,Unclassified,36950.0
5500c675,PC Connell,Bowler,303349.0
552b228c,Anshuman Rath,All-Rounder,452472.0
5531248e,MDK Perera,Bowler,49920.0
556302a7,SM Ervine,All-Rounder,55414.0
5574750c,JC Archer,Bowler,669855.0
55f33b32,JL Ontong,Batter,46681.0
5661ef90,A Sharma,Batter,1294141.0
5673a3fc,NL McCullum,Batter,37749.0
5680f1ad,CO Obuya,All-Rounder,24752.0
568e5a4a,AR Cusack,Bowler,293983.0
56ab442f,NM Coulter-Nile,Bowler,261354.0
56c205b7,PJ Forrest,Batter,232285.0
571e1d2a,Shayan Jahangir,Batter,647771.0
571f11e4,Tanveer Ahmed,Unclassified,919549.0
5748e866,TD Paine,Batter,7252.0
5791b840,Yasir Ali Chowdhury,Batter,629059.0
579f2447,Surya Tamang,Unclassified,1161018.0
57bd3ecc,Hammad Azam,Unclassified,384518.0
57ee1fde,YS Chahal,Bowler,430246.0
57efa3be,SB Styris,All-Rounder,38407.0
58043739,TT Bresnan,Unclassified,9310.0
582e9baa,CZ Harris,Batter,37232.0
58431ca0,MADI Hemantha,Unclassified,721041.0
585dda5d,KNA Bandara,Unclassified,958691.0
58c2fac4,A Athanaze,Batter,1078692.0
5935d694,Rishad Hossain,Unclassified,1139523.0
59559bc2,J Overton,Unclassified,510530.0
59792462,KM Jarvis,Bowler,332996.0
599ce28e,Ansh Tandon,Batter,1058990.0
59cc6b79,SJ Massiah,Batter,25883.0
59ddd811,NE Bonner,Batter,314650.0
59ea70a4,HT Tector,Batter,961407.0
59f509ed,G Goudie,Unclassified,25476.0
5a22d91c,EMDY Munaweera,Batter,304735.0
5a37ec26,MS Panesar,Unclassified,18655.0
5a4c12ab,Sohag Gazi,Bowler,444135.0
5a6bb1c7,Fayyaz Ahmed,Unclassified,40170.0
5a7405f1,Usman Salahuddin,Batter,260519.0
5abdfd23,HS Modi,Batter,24701.0
5ac8f17b,GJ Batty,Unclassified,9042.0
5ad8c974,I Kaia,Batter,465327.0
5af592d2,G Snyman,Unclassified,24827.0
5af743d0,Sohail Khan,Bowler,317252.0
5af87ad6,M Dillon,Bowler,51651.0
5b16a806,A Dananjaya,Bowler,574178.0
5b1d6583,AK Sah,Batter,1058510.0
5b8c830e,KH Pandya,Unclassified,471342.0
5b8fffb4,GD Drummond,Unclassified,295644.0
5bb1a1c4,I Sharma,Bowler,236779.0
5bb5a915,M Morkel,Bowler,46538.0
5bbabe59,TL Chatara,Bowler,425639.0
5bd3bb5d,PJ Ingram,Batter,38952.0
5bdcdb72,TM Dilshan,Batter,48472.0
5be810ba,MD Dai,All-Rounder,25051.0
5c124657,Irfan Ahmed,Batter,208253.0
5c5a8c1f,CKB Kulasekara,Unclassified,49477.0
5c756df3,Abul Hasan,Unclassified,373439.0
5cb078d6,HK Badani,Batter,26802.0
5d096f3d,RR Powar,Unclassified,32391.0
5d1e7582,BKG Mendis,Batter,629074.0
5d38476c,Saqib Zulfiqar,Batter,526481.0
5d68fe4f,Fahad Nawaz,Unclassified,1126002.0
5d836a72,Abid Ali,Batter,39950.0
5d9a1a73,R Sharma,Bowler,272994.0
5dbdecf1,Khaled Ahmed,Bowler,927619.0
5dc19220,GM Strydom,Batter,55782.0
5e5eab39,Nazmul Hossain,Bowler,56056.0
5eb51b97,V Sukumaran,Batter,1256189.0
5ec41cd7,Jasdeep Singh,Unclassified,772471.0
5ee47383,DB Kotze,Batter,24841.0
5eea345c,Khalid Latif,Batter,41046.0
5eef2118,MVT Fernando,Unclassified,465783.0
5f26f677,BM Duckett,Batter,521637.0
5f5ca1a7,Tanwir Afzal,Unclassified,260036.0
5f5e0c8c,ML Udawatte,Batter,50802.0
5f75a7c5,PARP Perera,Batter,653033.0
5fa06777,IK Pathan,Bowler,32685.0
5faa30f7,Amir Hayat,Bowler,1126253.0
5fbd0632,SA Wijeratne,Batter,300624.0
5fbe14fc,Imrul Kayes,Batter,280734.0
5fef85ee,R Mutumbami,Batter,235516.0
6020a3c6,KU Carty,Batter,820677.0
60606200,Muzahir Raza,Unclassified,1167806.0
608e1581,Hannan Sarkar,Batter,55915.0
60beb01b,WW Hinds,Batter,52057.0
60dd8960,Kabir Ali,Bowler,8476.0
611c06dd,MA Vermeulen,Batter,55822.0
6176f240,Chirag Suri,Batter,534734.0
61928851,Utkarsh Srivastava,Batter,1415052.0
619aa81f,W Jaffer,Batter,29646.0
61dab16a,CL Hooper,Batter,52066.0
61f05b05,Fawad Alam,Batter,40250.0
61fb296e,TL Chivanga,Unclassified,1059122.0
6232e1ed,GJ McCarter,Unclassified,348037.0
62decd8e,AC Dawson,Unclassified,44682.0
62e203d4,Junaid Siddique,Batter,55946.0
63249474,O Davidson,Unclassified,1278259.0
634a7b21,BN Cooper,Batter,470699.0
637b6fbd,AG Puttick,Batter,46797.0
63bff7f9,SM Harwood,Unclassified,5605.0
641ac5ff,IS Sodhi,Unclassified,559066.0
64775749,RP Meredith,Unclassified,961713.0
64839cb3,M Pathirana,Bowler,1194795.0
64a4c383,S Sriram,Unclassified,34118.0
64c34cd0,Shoaib Malik,All-Rounder,42657.0
64d43928,Sohail Tanvir,Unclassified,43265.0
64fb6b15,A Bohara,Unclassified,1058508.0
650d5e49,R Powell,Batter,820351.0
65122d56,K Christie,Unclassified,1063728.0
656202a7,DA Marillier,Batter,55578.0
6575e3bc,Nazmul Islam,Unclassified,446810.0
6581d753,JM Kemp,Batter,45797.0
65a05fe6,HP Rinke,Batter,55737.0
65b6943c,L Wood,Unclassified,573170.0
66b30f71,AB Dinda,Unclassified,227712.0
66cf56a5,A Mithun,Unclassified,310958.0
6705008a,H Durham,Unclassified,23713.0
671398e3,DK Butler,Unclassified,51292.0
6752c57b,Jahurul Islam,Batter,55944.0
6766ca00,M Shumba,Batter,951781.0
67875075,RH Scholte,Unclassified,24945.0
67af6f81,RW Price,Unclassified,55698.0
67b9536c,SR Hain,Batter,555850.0
6821ac10,JJ van der Wath,Batter,47693.0
6834d1f2,B Stanlake,Unclassified,533042.0
6843a783,Shan Masood,Batter,233901.0
684a56df,RR Beaton,Unclassified,498440.0
684d21d7,M Bhanuka,Batter,629075.0
688b2d58,Ehsanul Haque,Bowler,55880.0
68c3f79d,LN Onyango,All-Rounder,24711.0
68c56d09,KA Jamieson,Unclassified,625960.0
68ddabdb,Mohammad Sami,Bowler,41324.0
69362253,RN Lewis,Unclassified,52343.0
69762509,DR Martyn,Batter,6513.0
69c994e4,SHA Rance,Unclassified,395057.0
69d03465,AT Carey,Batter,326434.0
6a0537aa,N Boje,Batter,44091.0
6a26221c,AK Markram,Batter,600498.0
6a52f5d3,GJ Whittall,Bowler,55848.0
6a685375,JB Reva,Bowler,332978.0
6a71ba3a,M Levitt,Batter,1071504.0
6a7239a7,ES Szwarczynski,Batter,214696.0
6ad2d5f7,LN Rajbanshi,Bowler,913853.0
6adf9347,Iftikhar Anjum,Bowler,40591.0
6ae9c751,JJ Celestine,Batter,216811.0
6b062b4b,CA Reid,Unclassified,25872.0
6b0c3a20,AJ Hall,Bowler,45396.0
6b0db726,J Andrew,Unclassified,1394273.0
6b19d823,A Mishra,Bowler,31107.0
6b4593ee,L Siaka,Batter,440990.0
6b46ce43,EJB Miles,Unclassified,526468.0
6b64e7a3,J Mulder,Unclassified,1005369.0
6b71e6cf,KC Sangakkara,Batter,50710.0
6b75c2b1,NR Kirton,Batter,820685.0
6b8eb6e5,S Sreesanth,Bowler,34274.0
6b9eb501,OEG Baartman,Bowler,535353.0
6c1beb66,MHW Papps,Batter,38111.0
6c6591ab,PP Ojha,Unclassified,32130.0
6c6aca89,TS Roland-Jones,Unclassified,370535.0
6c75310b,J Lewis,Bowler,16281.0
6c79c098,DA Payne,Unclassified,362710.0
6c882e9a,PBB Rajapaksa,Batter,342619.0
6cc006ef,RAP Nissanka,Bowler,49769.0
6cd0b2d8,DL Blake,Unclassified,25881.0
6d25efd7,E Katchay,Unclassified,52300.0
6d60ece6,Aijaz Ali,Unclassified,25661.0
6d8356ee,Qaiser Ali,Batter,216920.0
6dd8b88c,Usama Mir,Bowler,647667.0
6df8d190,SE Findlay,Batter,51865.0
6e161a33,JNK Shannon,Unclassified,303437.0
6e1b1ec0,MP Vaughan,Batter,22182.0
6e3f5a5c,R Ngarava,Bowler,806241.0
6eb146d2,Gurkeerat Singh,Batter,537124.0
6ed3d5ac,DO Obuya,Batter,24760.0
6eea0b32,Nasir Hossain,Batter,300618.0
6ef13460,A Balbirnie,Batter,303423.0
6f02fe2a,Waseem Muhammad,Batter,1241277.0
6f4d314b,LJ Burger,Batter,24837.0
6fb21086,Zahid Shah,Bowler,43735.0
6fd0c8e1,JD Campbell,Batter,348026.0
70456281,Ehsan Nawaz,Bowler,718553.0
70542bef,HJH Marshall,Batter,37696.0
7081491e,AA Obanda,Batter,291844.0
709b0bac,SS Tiwary,Batter,35390.0
70ced7f2,Mohammad Aadil Alam,Bowler,1212481.0
70d205c9,AT Rayudu,Batter,33141.0
70d57519,AAP Atkinson,Unclassified,1039481.0
70f2f922,TF van Woerkom,Unclassified,547760.0
710dd98c,MN van Wyk,Batter,47711.0
711249d1,Shamim Hossain,Unclassified,1161044.0
7147f314,Sabbir Rahman,Batter,373538.0
714af18b,KJ Harding,Unclassified,906755.0
7157a72f,PJC Hoffmann,Unclassified,25432.0
717e803a,TCB Fernando,Unclassified,48844.0
719a2bb5,K Kamyuka,Bowler,26135.0
72253b87,Kaleemullah,Bowler,1077307.0
7239b60d,CAH Stevenson,Bowler,953793.0
725529bc,SC Ganguly,Batter,28779.0
72861603,GC Smith,Batter,47270.0
72b245dd,Anamul Haque,Batter,380354.0
72e361fe,N Davin,Batter,595790.0
72e60730,A Vala,All-Rounder,25056.0
732c038e,KIC Asalanka,Batter,784367.0
736123bb,DN Wellalage,Bowler,1152427.0
73ad96ed,DJ Hooda,All-Rounder,497121.0
73c18486,KR Mayers,Batter,348056.0
73e749e1,LE Bosman,Batter,44098.0
740742ef,RG Sharma,Batter,34102.0
74234d66,JN Gillespie,Bowler,5392.0
7429c452,I Wardlaw,Bowler,509107.0
74487d79,J Edness,Batter,23759.0
744b6ab0,Joseph Angara,Unclassified,24689.0
749a1b3a,BP Nash,Batter,6950.0
74aab92e,LN Roche,Unclassified,596002.0
74bd2653,M van Schoor,Unclassified,24804.0
74d12124,JP Greaves,Batter,510823.0
74d92a39,AY Karim,Bowler,24699.0
74ef405a,MBS Jonkman,Bowler,245397.0
7516045a,WT Gavera,Unclassified,302850.0
75186c24,Kamran Shazad,Bowler,623104.0
75224f22,KMA Paul,Unclassified,677081.0
752f7486,Ishan Kishan,Batter,720471.0
753b5a2d,NN Odhiambo,Batter,238612.0
753c95b9,SS Pathirana,Unclassified,212756.0
755a77c6,GS Ballance,Batter,232438.0
7572bf45,EHSN Silva,Unclassified,50460.0
7595b47f,Shariz Ahmad,Bowler,1278252.0
759ac88f,MM Sharma,Bowler,537119.0
75de770f,T Taibu,Batter,55805.0
7662cf7a,Bilawal Bhatti,Unclassified,343305.0
770494eb,DAS Gunaratne,All-Rounder,360456.0
77079be1,D Mohammed,Bowler,52490.0
77191792,Mohammad Mithun,Batter,269237.0
773cec26,JN Mohammed,Batter,230549.0
77bf0483,Akeem Jordan,Unclassified,1161669.0
7805af0f,NM Carter,Batter,44493.0
782fb776,LV van Beek,Bowler,440522.0
7839bf3a,HS Baidwan,Bowler,355583.0
78bb68d4,Y Cariah,Unclassified,431902.0
78cb83f3,KOK Williams,Unclassified,450075.0
78dfe704,V Permaul,Bowler,274921.0
78eb4223,KAJ Roach,Bowler,230553.0
78f34e15,IE O'Brien,Unclassified,38108.0
78feb458,JN Hamilton,Unclassified,332937.0
79004151,Adeel Raja,Unclassified,24978.0
79025aaa,Hasibul Hossain,Unclassified,55909.0
790ac2b0,G Bajwa,Unclassified,1444101.0
7923a51d,Mohammad Naim,Batter,990081.0
7955eb15,RK Kleinveldt,Bowler,45949.0
795df06c,AS Hansra,Batter,418615.0
796e4140,Khurram Chohan,Bowler,41224.0
79aad751,PADLR Sandakan,Unclassified,429738.0
79b4839e,Ahmed Raza,Bowler,245490.0
79f5bc26,BG Lister,Bowler,1125536.0
7a32c1c1,ARI Umeed,Batter,470772.0
7a4819e1,MJ Fourie,Batter,245288.0
7a5f232a,JA Burns,Batter,326632.0
7a624752,IPP Batuwitarachchi,Batter,48321.0
7a653792,EP Thompson,Unclassified,38626.0
7a80ddf2,D Bishoo,Unclassified,341593.0
7a98bc7a,PA Browne,Batter,51437.0
7b1e20ea,ZS Ansari,Unclassified,349853.0
7b5c6c0b,CD Wallace,Batter,414971.0
7b953689,MP Kuhnemann,Unclassified,774219.0
7b9b9aef,Abdul Shakoor,Unclassified,585100.0
7ba54dc9,Jai Prakash Yadav,Batter,36054.0
7bbeac6d,GH O'Brien,Unclassified,247008.0
7be8a0ed,JW Dernbach,Unclassified,12461.0
7bf96684,OA Shah,Batter,20123.0
7c503806,J Botha,Batter,44149.0
7c63baa7,JP Bray,Batter,4433.0
7c681ee9,J Smits,Unclassified,24952.0
7c70083d,DR Brown,Batter,9254.0
7c7303eb,JD Nel,Unclassified,25481.0
7c7d63a2,AJ Tye,Bowler,459508.0
7c8f533d,JS Paris,Unclassified,501012.0
7ca5e05d,RS Bopara,All-Rounder,10582.0
7ca68967,NA Greenwood,Batter,1181708.0
7cb2d9d2,DM Dupavillon,Bowler,501907.0
7ccbb09f,Shahnawaz Dhani,Unclassified,1203995.0
7cd0a092,Haris Sohail,Batter,318788.0
7d21eb9b,GC Tonge,Unclassified,53153.0
7d32d965,RT Lyons,Unclassified,25475.0
7d415ea5,RT Ponting,Batter,7133.0
7d5af2ea,KC Brathwaite,Batter,348024.0
7d608e12,DM de Silva,Batter,465793.0
7d7ab238,MR Gillespie,Unclassified,37111.0
7dc35884,Shakib Al Hasan,All-Rounder,56143.0
7e38d2de,K Weeraratne,Batter,50860.0
7e758bb2,JL Louw,Unclassified,24808.0
7e9f1cde,Kushal Malla,Batter,1141934.0
7eae4418,Misbah-ul-Haq,Batter,41378.0
7eb36269,M van Lingen,Batter,833777.0
7ecb9a14,Aamir Kaleem,Bowler,455463.0
7ed9fd56,WU Tharanga,Batter,50747.0
7ee2ce62,VS Solanki,Batter,20286.0
7f048519,DJ Willey,All-Rounder,308251.0
7f148ce7,AM McCarthy,Batter,230556.0
7f3ad1ed,SR Thompson,Batter,414821.0
7f82b4fb,HK Olonga,Unclassified,55675.0
7f87204d,SP Terry,Unclassified,467420.0
7f8ecc51,AM Phangiso,Bowler,46942.0
7fa12533,MS Chapman,Batter,438563.0
7fa2ab1f,RML Taylor,Unclassified,353431.0
7fa6bd8e,RR Patel,Batter,267455.0
7fb32e5b,KD Mills,Bowler,37740.0
7fca84b7,BA King,Batter,670035.0
7fe5deb8,DT Hondo,Unclassified,55509.0
7ff3fcaa,Mohammad Rafique,Batter,55973.0
7ffe4817,C Tear,Batter,1266476.0
8012d0b8,CAK Rajitha,Unclassified,499594.0
803dbf1d,A Dutt,Unclassified,1195672.0
808f425a,JP Faulkner,All-Rounder,270484.0
80ad39ac,Hasan Mahmud,Bowler,926629.0
80ec5dfd,AM Blignaut,Batter,55259.0
80fe764d,Tanzid Hasan,Batter,990023.0
81049310,J Yadav,Bowler,447587.0
811425b1,Adnan Mufti,Batter,281653.0
81147b00,Rizwan Ahmed,Unclassified,42430.0
817c1746,Elias Sunny,Bowler,55883.0
8187519b,GM Hamilton,Batter,14020.0
818e8bf2,ID Blackwell,Batter,9117.0
81a0e294,SA Engelbrecht,Batter,315035.0
81c08fa3,Umran Malik,Bowler,1246528.0
81c36ee9,M Jansen,All-Rounder,696401.0
82294960,P Sarraf,Batter,1072485.0
82342b13,B Bhandari,Batter,437005.0
82c528b2,AA Mulla,Batter,23899.0
82c78845,Khurram Manzoor,Batter,41140.0
82e81007,Hamza Tariq,Unclassified,414397.0
8305580c,MA Carberry,Batter,10656.0
8319b9ea,CB Wishart,Batter,55854.0
8361e524,SSB Magala,Bowler,379776.0
83904270,DBL Powell,Bowler,52790.0
8399a7af,R Dhakal,Unclassified,1111123.0
83c3e8e3,SH Johnson,Unclassified,1123718.0
83d17bbc,MW Forde,Bowler,1209190.0
84212ffb,J Liyanage,Batter,681681.0
84826f48,NJ O'Brien,Batter,24289.0
84dc72db,Junaid Siddique,Bowler,1203754.0
856a5e81,M Karg,Batter,24794.0
858b6611,WS Jayantha,Batter,49347.0
8596fe80,Mohammad Hasnain,Unclassified,1158100.0
85ad2217,DS Smith,Batter,52962.0
85afed77,G Chapple,Unclassified,10712.0
85b3fab2,T Stubbs,Batter,595978.0
85caa37f,RR Ramdass,Batter,52913.0
85d8110a,KJ Coetzer,Batter,25446.0
85e0cf10,M Prasidh Krishna,Bowler,917159.0
85ec8e33,SS Iyer,Batter,642519.0
8629178f,MM English,Batter,470900.0
86421172,GA Lamb,Batter,55562.0
864c199e,AC Voges,Batter,8119.0
8692a3f1,OAC Banks,Bowler,51258.0
86b4bf88,MJ Swepson,Unclassified,590326.0
86cd782f,Mehrab Hossain jnr,Batter,56031.0
86d38202,SR Waters,Batter,352894.0
86dc8f2e,JH Kallis,All-Rounder,45789.0
86f84b37,AM Tribe,Batter,1195664.0
8716233e,ZE Green,Batter,596664.0
8728a058,R Clarke,Unclassified,11724.0
876dbe2d,DR Mousley,Unclassified,1172968.0
87a92b6b,N Pokana,Bowler,646181.0
87b177e8,CD Collymore,Unclassified,51481.0
87e562a9,DJ Bravo,All-Rounder,51439.0
881a9bdd,S Chanderpaul,Batter,51469.0
881b3f8e,TP Visee,Batter,420419.0
888e32bf,Abdur Razzak,Bowler,56283.0
88fccd6c,SM Pollock,All-Rounder,46774.0
890946a0,NV Ojha,Batter,32102.0
890b877d,VB van Jaarsveld,Unclassified,47846.0
8919756f,Mosaddek Hossain,Batter,550133.0
894b2d25,MJ Potts,All-Rounder,1027781.0
8955b928,S Dhakal,Unclassified,1147980.0
896d78ad,AD Mathews,All-Rounder,49764.0
89a7dd4a,JE Dunford,Batter,659087.0
89c16049,Agha Salman,Batter,623977.0
89ce57a8,S Fouch√©,Batter,948437.0
89f64c19,LMP Simmons,Batter,53116.0
89ffd337,Faisal Hossain,Batter,55889.0
8a15b50b,RO Hussain,Batter,25471.0
8a686d30,MS Atapattu,Batter,48124.0
8a75e999,Babar Azam,Batter,348144.0
8a79613a,D Soraine,Bowler,23887.0
8abdf100,CJ Anderson,All-Rounder,277662.0
8afe73e2,WA Young,Batter,547749.0
8b261d84,MH Cross,Batter,417268.0
8b3e9c7c,PP Shaw,Batter,1070168.0
8b5b6769,Harbhajan Singh,Bowler,29264.0
8b8745fd,ML Lewis,Unclassified,6291.0
8ba8195d,V Sehwag,All-Rounder,35263.0
8bd614b2,Rony Talukdar,Batter,300617.0
8c2aa0f9,PKD Chase,Unclassified,524845.0
8c7d6cbe,MW Machan,Batter,297488.0
8ce2080b,TJG Pringle,Unclassified,1193548.0
8cf9814c,Mohammed Shami,Bowler,481896.0
8d0ea930,MS Kasprowicz,Bowler,6126.0
8d2c70ad,Kuldeep Yadav,Bowler,559235.0
8d6a0fbc,BR Dorey,Unclassified,5112.0
8d8c24fd,RJ Nicol,All-Rounder,38058.0
8d92a2c3,MA Wood,Unclassified,351588.0
8db7f47f,RJW Topley,Bowler,461632.0
8dbda772,Arshad Ali,Batter,25591.0
8dd02a98,LD Chandimal,Batter,300628.0
8ea6e670,NM Hauritz,Bowler,5593.0
8eb611d0,Mosharraf Hossain,Unclassified,56017.0
8ee36b18,P Nissanka,Batter,1028655.0
8f3c6b8a,Muhammad Farooq,Unclassified,1323402.0
8f7a598f,RMS Eranga,Bowler,267414.0
8fb49ef8,Suhrawadi Shuvo,Unclassified,56138.0
8fc65c2b,SM Davies,Batter,12450.0
8fd1a8f5,DW Steyn,Bowler,47492.0
8fd3b94d,WD Balaji Rao,Bowler,26826.0
8ffe3c97,AR Pitcher,Batter,247009.0
9018bf65,Mansoor Amjad,Unclassified,41963.0
9025e58f,Junaid Siddiqui,Unclassified,494847.0
902d916b,Jubair Hossain,Bowler,629066.0
9061a703,J Little,Bowler,928067.0
907d6e58,Aamer Yamin,Unclassified,434429.0
90de905a,K Gowtham,Unclassified,424377.0
91052c96,PW Borren,Batter,36592.0
9124aa4c,Zuhaib Zubair,Unclassified,1241253.0
915264c2,HN Ya France,Unclassified,308410.0
9170ff49,Parvez Rasool,Unclassified,378496.0
919a3be2,RR Pant,Batter,931581.0
91a4a398,Z Khan,Bowler,30102.0
91bbd893,KP Walmsley,Unclassified,38740.0
91c984a1,JW Wilson,Unclassified,38751.0
91cd48e0,JF Smith,Unclassified,498582.0
91ffa6c6,JD Ryder,Batter,38373.0
9219eff0,JDS Neesham,All-Rounder,355269.0
922e1b19,Z Crawley,Batter,665053.0
928670cc,BJ Watling,Batter,38924.0
9295145b,SD Outerbridge,Batter,23704.0
92aa28fe,ML Cummins,Unclassified,556749.0
92aeac25,AD Hales,Batter,249866.0
92c43fac,RD McCann,Batter,463215.0
934b36a6,Khawar Ali,Batter,585081.0
93b4fc78,MK Pandey,Batter,290630.0
93f104b4,Tanvir Ahmed,Unclassified,43307.0
94238673,HK Bennett,Bowler,226493.0
944533a5,KK Nair,Batter,398439.0
94759472,Adhitya Shetty,Unclassified,1241218.0
94b8d7dd,A Saud,Batter,1248188.0
94d7f855,C de Grandhomme,Batter,55395.0
94eac556,CJ McKay,Bowler,6903.0
94edecfe,PJK Mooney,Unclassified,24261.0
953e3931,BA Williams,Bowler,8231.0
9550470d,WIA Fernando,Batter,784369.0
95a06106,GLS Scrimshaw,Unclassified,857979.0
95a5e066,MG Erasmus,All-Rounder,519070.0
95db4ab0,CK Kruger,Batter,208380.0
95fcbfb7,TK Patel,Bowler,32257.0
9633359f,JS Malhotra,Batter,430105.0
96503059,Ahsan Malik,Bowler,518097.0
96824e68,CP Tremain,Unclassified,553800.0
96a2336e,Sami Aslam,Batter,547079.0
96a6a7ad,NM Lyon,Unclassified,272279.0
96dced3e,W Mwayenga,Unclassified,55640.0
96f5b685,AA Paradkar,Bowler,1276396.0
96fd40ae,A Nehra,Bowler,31820.0
971c3f6d,FRJ Coleman,Batter,364329.0
97290faf,S Joseph,Unclassified,1356971.0
97463e7d,Bikram Sob,Bowler,936031.0
977b841a,SSJ Brooks,Batter,230555.0
97b0e4ff,SC van Schalkwyk,Bowler,334621.0
97b7c5c0,VAB Tewarie,Batter,414985.0
97bdec3d,G Motie,Bowler,670045.0
97edbfb1,JN Rhodes,Batter,46973.0
9811e35e,Gulsan Jha,All-Rounder,1253822.0
98299b67,HGV Vare,Unclassified,1186229.0
98653b57,HR Johnson,Unclassified,25875.0
9868bc75,BMAJ Mendis,Batter,49700.0
989889ff,JP Inglis,Batter,662235.0
98ae73b1,PP Chawla,Unclassified,32966.0
98d05440,B Regmi,Bowler,25955.0
98e908bd,TB Sole,Bowler,526492.0
98ecf62a,HH Dippenaar,Batter,44708.0
9911ecbb,Salman Faris,Batter,626111.0
9920dd86,CA Soper,Bowler,574287.0
99464591,MJ North,Batter,6943.0
9948e262,HE van der Dussen,Batter,337790.0
99639abf,NJ Astle,Batter,36185.0
99663fa5,D Mongia,Batter,31034.0
99b75528,JC Buttler,Batter,308967.0
99cddc5e,GH Dockrell,Batter,348034.0
99d63244,KM Jadhav,All-Rounder,290716.0
9a137157,OO Bascome,Batter,279531.0
9a158001,Azhar Mahmood,Batter,39024.0
9a2fc964,BC Fortuin,Bowler,553249.0
9a46c4e5,GD Phillips,All-Rounder,823509.0
9a6b71d1,SP Khakurel,Batter,446807.0
9a95bebb,S Bau,Batter,420427.0
9a963804,LE Plunkett,Bowler,19264.0
9ab2914d,S Samarawickrama,Batter,629076.0
9ab63e7b,Mohammad Hafeez,All-Rounder,41434.0
9ac1dc9f,Qadeer Ahmed,Unclassified,941959.0
9b12068b,S Jyoti,Batter,23860.0
9b4935c8,CJ Ferguson,Batter,5236.0
9b6ad88a,R Gunasekera,Batter,307075.0
9b6e1b3f,J Fraser-McGurk,Batter,1168049.0
9b75e4f1,M Zondeki,Unclassified,48112.0
9b79b9de,KTGD Prasad,All-Rounder,50163.0
9b8a3c39,Muhammad Musa,Bowler,1072472.0
9ba59a3c,LJ Woodcock,Unclassified,38920.0
9c1ccdea,J Louw,Unclassified,46075.0
9c376401,CS MacLeod,Batter,232435.0
9c9af282,Naseem Shah,Bowler,1158088.0
9c9f8dbc,H Davids,Batter,44752.0
9caf69a1,WG Jacks,Batter,897549.0
9cb022df,A Codrington,Bowler,23848.0
9cb8d7a6,Imad Wasim,Unclassified,227758.0
9cbbe35b,TG Gordon,Unclassified,208755.0
9d0344f3,Akif Raja,Unclassified,1281546.0
9d0e7c58,DM Richards,Batter,52833.0
9d1d34bd,Taijul Islam,Bowler,401057.0
9d1f42c6,Ashfaq Ahmed,Batter,39940.0
9d430b40,SP Narine,Bowler,230558.0
9d450c28,C Hemraj,Batter,530811.0
9d65b06f,ADJ Pitcher,Unclassified,276539.0
9d710afe,DR Flynn,Batter,37095.0
9dad0f2e,Mahedi Hasan,Bowler,833087.0
9db20c92,D Bau,Batter,524249.0
9dc3ea7e,H Hiri,Batter,646175.0
9dca07d7,RJ Sidebottom,Unclassified,20187.0
9de271ef,P Utseya,Batter,55820.0
9de31202,RW Staple,Batter,25643.0
9de62878,Shadab Khan,All-Rounder,922943.0
9e0bd203,B Ward,Unclassified,1112212.0
9e52a414,Towhid Hridoy,Batter,990031.0
9e76cdb3,Ansh Patel,Bowler,1216149.0
9e9af5f2,Mohammad Wasim,Bowler,1185538.0
9eb1455b,NT Ellis,Unclassified,826915.0
9ec74db8,CM McBride,Batter,1027779.0
9eea360c,Mohammad Salman,Unclassified,41481.0
9f0270e0,AG Cremer,Unclassified,55346.0
9f038761,J Figy John,Batter,1058988.0
9f308dfc,JP Kotze,Batter,541991.0
9f62b897,MKGCP Lakshitha,Bowler,49598.0
9f961c14,Joginder Sharma,Bowler,29976.0
9f998ed8,CW Perchard,All-Rounder,414969.0
9f9b903e,TK Musakanda,Batter,596375.0
9fa4ff04,Shahriar Hossain,Batter,56104.0
9fbc7bc4,KO Meth,Unclassified,232443.0
9fd3a210,Zafar Gohar,Unclassified,348154.0
9ff100a6,RS Gavaskar,Unclassified,28792.0
9ff7f691,SF Burger,Unclassified,24844.0
9ffd1ac1,T Bavuma,Batter,372116.0
a03bba42,T Shamsi,Bowler,379145.0
a089f93f,Mohammad Abbas,Unclassified,389666.0
a1000a26,HJW Gardiner,Batter,638713.0
a120e81b,Mohammed Qasim,Batter,943281.0
a12e1d51,SL Malinga,Bowler,49758.0
a15618fe,JM Vince,Batter,296597.0
a159b802,A van der Merwe,Unclassified,463217.0
a15aaa7f,TR Ambrose,Unclassified,8845.0
a1d053dd,SS Cottrell,Bowler,495551.0
a1d3540a,PJ Moor,Batter,333000.0
a1d8d8ba,CO Browne,Batter,51232.0
a1d95bd8,LB Williams,Bowler,379887.0
a21ea40c,CK Coventry,Batter,55329.0
a2421394,AC Agar,Batter,505120.0
a24be938,VR Iyer,Unclassified,851403.0
a28a7fba,A Johnson,Batter,1323683.0
a2a1efe2,LC Romero,Batter,25862.0
a2eac9df,Waqas Barkat,Unclassified,350632.0
a2f46292,KK Ahmed,Bowler,942645.0
a300e810,PRP Boissevain,Unclassified,1036197.0
a319edf8,AT Nidamanuru,Batter,1129328.0
a323465c,RR Joshi,Unclassified,1111473.0
a343262c,JE Root,Batter,303669.0
a354c917,NT Broom,Batter,36581.0
a36915ce,N Vanua,Batter,524253.0
a386e91b,PD Collingwood,All-Rounder,10772.0
a38e7be7,S Daniel,Batter,1194744.0
a3a078ba,Subashis Roy,Unclassified,301847.0
a3b936c8,MWA van Nierop,Batter,25023.0
a3bfec5d,SR Clark,Bowler,4582.0
a45a5e8d,AM Nayar,Batter,32091.0
a4799701,Danish Aziz,Batter,793411.0
a48fc79d,EC Joyce,Batter,24249.0
a4af4849,AF Giles,Bowler,13368.0
a4cc73aa,SV Samson,Batter,425943.0
a4e37e47,S Dube,Batter,714451.0
a549066c,J Patraj,Unclassified,23781.0
a5544576,D Murphy,Unclassified,297524.0
a56f4b65,PL Mommsen,Batter,461281.0
a58af75f,Bazid Khan,Batter,39956.0
a5c5a126,Mohammad Khalil,Bowler,41452.0
a61bcb94,K Pierre,Unclassified,581160.0
a63775d6,Rahat Ali,Bowler,323244.0
a64e3b89,SK Atai,Batter,1115033.0
a670d624,RR Watson,Batter,25428.0
a6bab2a9,K Gore,Bowler,1139028.0
a6c84e0e,Naumanullah,Unclassified,42059.0
a71d0f89,R Chopra,Batter,1388460.0
a72b14ff,CT Tremlett,Unclassified,21650.0
a73321d3,A Shahzad,Bowler,21431.0
a7489342,IDR Bradshaw,Bowler,51246.0
a757b0d8,KA Pollard,All-Rounder,230559.0
a75a78eb,MR Swart,Batter,308794.0
a76d4082,T Suri,Batter,1411891.0
a790df98,S Snater,Unclassified,696143.0
a7a6c1c2,AR Odedara,Batter,1457977.0
a7c226e1,FH Edwards,Bowler,51782.0
a7c7802a,AJ Ireland,Unclassified,55522.0
a818c1be,TA Boult,Bowler,277912.0
a81d6706,C Jonker,Batter,222320.0
a82eb3fb,TP Ura,Batter,302845.0
a830c083,ND McKenzie,Batter,46208.0
a879b92c,W Madhevere,Batter,938959.0
a8bbd62e,GI Maiden,Unclassified,25102.0
a8ce3491,AJ Stewart,Batter,20372.0
a8e3170f,Mohammad Irfan,Bowler,429981.0
a8e56914,D Olivier,Unclassified,486679.0
a90e53ec,MW Short,Batter,605575.0
a91392b4,Zeeshan Siddiqi,Batter,43751.0
a9231c3f,SR Taylor,All-Rounder,348133.0
a945bb28,T Muzarabani,Bowler,232444.0
a94e08ea,Mushfiqur Rahim,Batter,56029.0
a9520ac2,J Mubarak,Batter,49633.0
a97c8ec2,PWH de Silva,Bowler,784379.0
a98a6b86,Umair Ali,Batter,888455.0
a9a4df9f,JO Ngoche,Unclassified,308691.0
a9da7784,KJ Abbott,Bowler,297583.0
aa8aaa45,Ankur Sharma,Unclassified,717099.0
aa8d28ae,D Wiese,Batter,221140.0
aab3e7be,MJ Mason,Bowler,37701.0
aae9ce90,JF Mooney,All-Rounder,24237.0
ab54f9e7,J Jarvis,Bowler,1278263.0
ab6b1c45,AL Phehlukwayo,Bowler,540316.0
ab89348d,MF Maharoof,Bowler,49638.0
ab965cad,HWR Cartwright,Batter,557295.0
abb83e27,JM Bairstow,Batter,297433.0
abbdca1a,PM Seelaar,Batter,208657.0
abfeb126,M Kartik,Unclassified,30049.0
ac166f77,S Shrivastava,Bowler,1282006.0
ac5ae4af,I Udana,Unclassified,328026.0
ac7fa28f,IJL Trott,Batter,47623.0
acc321aa,Rajin Saleh,Batter,56074.0
acdc62f5,A Nortje,Bowler,481979.0
aceb7654,JDF Vandersay,Bowler,370040.0
acee4cc4,Imran Tahir,Bowler,40618.0
ad1730bc,Ariful Haque,Unclassified,270135.0
ad48eb56,G Kirsten,Batter,45813.0
ad733e72,DF Watts,Batter,25120.0
ad75edc3,AC Cummins,Bowler,51488.0
ad9c32a2,DJ Malan,Batter,236489.0
ada15e88,PSP Handscomb,Batter,334337.0
adbf0400,Basil Hameed,Bowler,1209110.0
add57f1f,SM Warnapura,Batter,50874.0
addfb70e,SW Tait,Bowler,8076.0
ade071c5,Khaled Mashud,Batter,55954.0
ae1bd901,PR Adams,Unclassified,43919.0
ae6746e0,Khurram Khan,Batter,25589.0
ae78bc32,MS Gony,Unclassified,317293.0
aea11d1d,D Birrell,Unclassified,1112214.0
aed55673,MT Chinouya,Unclassified,55353.0
af19c6a8,CK Hooper,Unclassified,313430.0
af2a0740,M Pushpakumara,Unclassified,49868.0
af2c687b,C Munro,Batter,232359.0
af2cc80a,JO Troughton,Batter,21598.0
af98bf5b,Ammar Khalid,Unclassified,1150681.0
afa7e784,MS Wade,Batter,230193.0
afb3b840,H Shah,Batter,633527.0
afe57f7a,SC Williams,Batter,55870.0
b018e1eb,L Louwrens,Batter,827023.0
b03db6fa,MJG Rippon,Unclassified,380956.0
b0482a1d,Tilak Varma,Batter,1170265.0
b08252b8,RP Burl,Batter,495964.0
b08e58e2,LR Morris,Unclassified,1125317.0
b0946605,AS Joseph,Bowler,670031.0
b0c772ee,BJ Haddin,Batter,5560.0
b0e08fde,Usman Limbada,Batter,414249.0
b0eaaac6,Ali Khan,Bowler,927119.0
b15eaf77,AO Suji,Batter,24723.0
b16b5eea,VC Drakes,Bowler,51655.0
b17e2f24,KL Rahul,Batter,422108.0
b2a79f17,B Laughlin,Unclassified,315623.0
b2ae53f5,T Thushara,Bowler,49677.0
b2b50355,L Balaji,Bowler,26829.0
b2e1d224,G Malla,Batter,233400.0
b3118300,Wahab Riaz,Bowler,43590.0
b34d91ec,MG Kariata,Unclassified,1415039.0
b3a28446,Mohammad Saifuddin,All-Rounder,629070.0
b3b39bed,Aqib Ilyas,All-Rounder,940593.0
b3b4dc7d,Zain Abbas,Unclassified,291088.0
b3bad3f2,NR Kumar,Batter,348129.0
b3e9b7fa,KED Carroll,Batter,245287.0
b40ee8a8,PC de Silva,Unclassified,345825.0
b410bd3d,S Lamichhane,Bowler,960361.0
b4296080,Milind Kumar,All-Rounder,451947.0
b4b99816,Shubman Gill,Batter,1070173.0
b4bef2ed,Fazle Mahmud,Batter,55893.0
b529630e,PM Pushpakumara,Unclassified,50205.0
b52ffbbd,FA Allen,Unclassified,670013.0
b56dc5f7,BE Hendricks,Unclassified,379927.0
b57f8a9a,BJ Hodge,Batter,5674.0
b58af144,Tushar Imran,Batter,56186.0
b58b7db6,GSNFG Jayasuriya,Batter,422965.0
b590a4d8,DD Ebrahim,Batter,55416.0
b59db04f,SA Edwards,Batter,1127317.0
b5da6c24,PA Patel,Batter,32242.0
b61a3e1a,LRPL Taylor,Batter,38699.0
b681e71e,GJ Maxwell,Batter,325026.0
b68a30f0,IG Butler,Bowler,36331.0
b68d14a9,AJ Strauss,Batter,20387.0
b699df47,MP O'Dowd,Batter,643197.0
b69e69ed,AA Noffke,Unclassified,6938.0
b743f01b,Syed Rasel,Bowler,56160.0
b7646e8c,GEF Barnett,Batter,36383.0
b7b66a96,D Joseph,Unclassified,23777.0
b7d1eadd,P Jayawickrama,Unclassified,1028665.0
b7e7313a,MB Loye,Batter,16362.0
b80dd12c,Jatinder Singh,Batter,307756.0
b858be20,AV Lalcheta,Bowler,543449.0
b863eae9,GJ Rennie,Batter,55713.0
b8704508,LM Jongwe,Batter,541224.0
b878fc9a,Nestor Dhamba,Bowler,1096833.0
b8a55852,BB McCullum,Batter,37737.0
b8cc58c9,RR Hendricks,Batter,269280.0
b8d490fd,AJ Finch,Batter,5334.0
b8f3362a,LR Johnson,Batter,52280.0
b91f2a31,KP Meiyappan,Bowler,1058987.0
b98b5e1c,Sohaib Maqsood,Batter,43266.0
b98cdbf0,AD Poynter,Batter,210279.0
b9a3d8c6,Inzamam-ul-Haq,Batter,40570.0
b9c225c2,Shahriar Nafees,Batter,56153.0
ba158afd,Zahid Mahmood,Unclassified,433614.0
ba5e1069,R Ravindra,Batter,959767.0
ba603555,MNK Fernando,Batter,1074333.0
ba607b88,V Kohli,Batter,253802.0
ba7b21fd,A Valthapa,Unclassified,1199669.0
bab78fa2,J Da Silva,Batter,1168667.0
bad31fac,J Srinath,Bowler,34105.0
bb01f9e0,Shuvagata Hom,Batter,402992.0
bb134e5c,JJ Smit,All-Rounder,553821.0
bb1819fa,Tapash Baisya,Unclassified,56176.0
bb18be76,SK Warne,Bowler,8166.0
bb20441f,H Dhami,Unclassified,1248189.0
bb345e0b,G Gambhir,Batter,28763.0
bb34fd31,Shoriful Islam,Bowler,990039.0
bb351c23,MM Ali,Batter,8917.0
bb4b445b,Hussain Talat,Unclassified,628240.0
bb9b51f4,JOA Gordon,Bowler,276370.0
bb9d73d8,Suraj Kumar,Batter,1156690.0
bbd41817,AD Russell,All-Rounder,276298.0
bbff906c,CAK Walton,Batter,315586.0
bc2d4f2e,W Sutherland,Bowler,1076722.0
bcb01d8c,RWT Key,Batter,15876.0
bcce309e,WPUJC Vaas,Bowler,50804.0
bceb1b07,JJ Tucker,Batter,23694.0
bd0a4a7d,CA Young,Bowler,364343.0
bd17b45f,STR Binny,All-Rounder,27223.0
bd35515a,SV Bahutule,Unclassified,26815.0
bd48593c,GE Kidd,Unclassified,24613.0
bd4ea627,Faheem Ashraf,Batter,681117.0
bd77eb62,A Symonds,Batter,7702.0
bd93fea4,PM Siddle,Unclassified,7898.0
bd9fbd51,Fayyaz Butt,Bowler,436749.0
bdadf7da,JL Denly,Batter,12454.0
be4cefab,CMW Read,Batter,19346.0
be768595,MJ Cosgrove,Batter,4818.0
be8eec9c,ML Nkala,Batter,55663.0
bed90114,JA Clarkson,Bowler,928015.0
bf172ae6,Sufyan Mehmood,Batter,402066.0
bf1d7d3e,Mahmudullah,Batter,56025.0
bf2d865c,JJ Atkinson,Batter,292152.0
bf74b130,FH Allen,Batter,959759.0
bf7842c9,TAM Siriwardana,Batter,222354.0
bf814547,K Verreynne,Batter,595004.0
bfaf461d,Hazrat Bilal,Bowler,1344776.0
c01d7726,H Thaker,Batter,914503.0
c020cef5,Saqlain Haider,Unclassified,779973.0
c03449e0,GD Elliott,All-Rounder,44956.0
c03c6200,DJG Sammy,Batter,53115.0
c03f1114,KD Karthik,Batter,30045.0
c042b412,FJ Klaassen,Bowler,1104703.0
c05f9d20,SSD Arachchige,Batter,693975.0
c0790f82,L Klusener,All-Rounder,45821.0
c07a1f41,NM Odhiambo,Unclassified,308418.0
c1077ba3,Pratis GC,Unclassified,1179855.0
c13e34f4,Haider Ali,Batter,1168651.0
c15e2193,FY Fazal,Batter,28671.0
c16d2e28,SJ Harmison,Bowler,14054.0
c16d4035,SW Billings,Batter,297628.0
c1ef6dad,RD Steede,Unclassified,23760.0
c1f6c27e,G Onions,Unclassified,18389.0
c1f9b051,RD Jacobs,Unclassified,52199.0
c24a2c5d,S Tyagi,Bowler,317784.0
c25927f8,RP Alexander,Batter,25879.0
c26cd57a,B Shikongo,Bowler,1069820.0
c27518d2,Ziaur Rahman,Bowler,56167.0
c290033d,Ihsanullah,Unclassified,1283740.0
c2f12310,PS Athavale,Batter,1402600.0
c3224376,RS Higgins,Unclassified,55518.0
c3564c2d,G Toka,Batter,646191.0
c374f37f,JWA Taylor,Batter,297635.0
c3b93a03,J Blackwood,Batter,431909.0
c3d1402f,RP Singh,Bowler,35280.0
c3d35165,JA Morkel,Batter,46248.0
c41043e6,BR McDermott,Batter,603410.0
c4487b84,AB de Villiers,Batter,44936.0
c46e9e56,CJO Smith,Batter,25112.0
c4bc3b59,D Khanal,Batter,1248357.0
c4d740b3,PS Masvaure,Batter,232442.0
c4e73ff1,KH Prajapati,Batter,1276719.0
c4ff0618,H Patel,Batter,414248.0
c500ec39,MG Bevan,Batter,4144.0
c51add25,MB Kruger,Batter,574638.0
c5326dd0,NG Jones,Unclassified,406308.0
c537cf4d,M Commins,Batter,594992.0
c5758216,TJ Heggelman,Batter,467426.0
c57e1893,DES Maxwell,Batter,23799.0
c57fa67e,E Otieno,Unclassified,293031.0
c58b0108,Mehedi Hasan Miraz,Bowler,629063.0
c5928dec,HDRL Thirimanne,Batter,301236.0
c59d8f8a,KA Hope,Batter,443150.0
c5aef772,R Shepherd,Batter,677077.0
c5b87d8c,Nafees Iqbal,Batter,56064.0
c5d7b244,Mohammad Nadeem,Batter,41984.0
c5e68250,IA Nicolson,Unclassified,55669.0
c5f40e35,SW Currie,Bowler,1104697.0
c6097d68,O Thomas,Bowler,914567.0
c63671e9,Naseem Khushi,Batter,1077310.0
c654af19,R McLaren,Bowler,46393.0
c661789d,AW Mathieson,Unclassified,355267.0
c66d9486,U Bhatti,Bowler,23865.0
c68554a6,TJ Bishop,Batter,1275935.0
c6e10e5c,NK Patel,Bowler,532247.0
c70448aa,R Hekure,Bowler,646193.0
c7105dab,JA McCollum,Batter,470917.0
c73bb037,Taufeeq Umar,Batter,43363.0
c740ea83,RM Patidar,Batter,823703.0
c78f1ff5,Junaid Zia,Unclassified,40926.0
c7f6dd3b,SW Ambris,Batter,348054.0
c8065f31,SC Getkate,Bowler,303508.0
c810b349,JAD Lawrenson,Batter,1195667.0
c834c290,JL Smith,Batter,1096092.0
c89474d1,TJ Murtagh,Bowler,17134.0
c8a3f688,SN Netravalkar,Bowler,398513.0
c8ad0749,AK Perera,Batter,300629.0
c8d74c21,J Gumbie,Batter,596376.0
c942a53b,WK McCallan,Bowler,24251.0
c96311d4,CR Ervine,Batter,55412.0
c968b533,Alawi Shukri,Unclassified,332921.0
c96f6ac5,PWA Mulder,Bowler,698189.0
c981bfad,ZE Surkari,Batter,23803.0
c9945bdf,Simi Singh,All-Rounder,1005257.0
c995d726,CA Ingram,Batter,45705.0
c9cac448,T Mishra,Batter,24790.0
ca4db40e,AF Sattaur,Batter,52995.0
ca92a578,IA Karim,Batter,348016.0
cad00a4d,RR Rossouw,Batter,318845.0
cad40f5e,BA Carse,All-Rounder,596417.0
caf1b14c,N Deonarine,Batter,51659.0
cb263798,DL Hemp,Batter,14153.0
cb5100f1,Ebadat Hossain,Bowler,932355.0
cb5211dc,JPR Lamsam,Unclassified,24154.0
cb9b8664,W O'Rourke,Bowler,1211825.0
cbabd6ad,NS Dhaliwal,Batter,817069.0
cc1e8c68,UT Yadav,Bowler,376116.0
cca50cd6,LJ Wright,Batter,23460.0
cccdde80,RP Arnold,Batter,48122.0
ccdd8308,ST Finn,Bowler,210283.0
cd4d7695,Aarif Sheikh,Batter,701217.0
cdac5a3d,M Shiraz,Unclassified,801817.0
cdd875d9,JA Turner,Unclassified,1261866.0
cddafe26,V Aravind,Batter,1178586.0
cde067e1,J Kariko,Unclassified,1295879.0
cdf59953,SW Poynter,Unclassified,308294.0
ce794613,T Natarajan,Unclassified,802575.0
cec44e08,SM Sharma,Bowler,1199670.0
ced0ec25,Ghulam Shabber,Batter,950303.0
cefe0886,E Schiferli,Batter,24943.0
cf494ffe,PR Stirling,Batter,303427.0
cf73ad76,JEC Franklin,All-Rounder,37004.0
cfad138c,CK Kapugedera,Batter,209457.0
cfe70281,VD Philander,Bowler,46945.0
cff25ee1,DA Gunawardene,Batter,49010.0
d014d5ac,SE Rutherford,Batter,914541.0
d027ba9f,KS Williamson,Batter,277906.0
d0513f63,CL White,Batter,8291.0
d06335fd,KA Edwards,Batter,51786.0
d07c1b2f,Saud Shakeel,Batter,652687.0
d07dbc28,Zawar Farid,Bowler,1196500.0
d094e7d1,Abdur Rehman,Unclassified,39091.0
d12143bf,JM Anderson,Bowler,8608.0
d1305df0,AGS Gous,Batter,485379.0
d146924b,Raza-ur-Rehman,Batter,259413.0
d1523761,D Ramdin,Batter,52917.0
d167edd3,SM Boland,Unclassified,446548.0
d1761087,RM West,Unclassified,38759.0
d18f9182,DPMD Jayawardene,Batter,49289.0
d1988788,Rohan Mustafa,Bowler,307808.0
d1ac815a,JV Harris,Batter,23809.0
d1ae8f94,Dolar Mahmud,Bowler,56209.0
d1c36f5c,JJ Roy,Batter,298438.0
d1c94b25,CK Langeveldt,Bowler,45963.0
d1f871a4,C McAuslan,Batter,919527.0
d285acaf,CE McConchie,Unclassified,526021.0
d2a2bb1a,KNM Fernando,Batter,1126045.0
d2a6c0e6,EJG Morgan,Batter,24598.0
d2a989fc,DS Kulkarni,Bowler,277955.0
d2babdd5,E Chigumbura,Batter,55343.0
d2c2b2d5,SR Tendulkar,Batter,35320.0
d2d15439,Aayan Afzal Khan,All-Rounder,1241265.0
d2e67105,Pargat Singh,Batter,446690.0
d2f3829d,NV Knight,Batter,15913.0
d2f72b19,TBM de Leede,Bowler,24882.0
d2fcce2f,HMRKB Herath,Bowler,49178.0
d32782ae,Rashid Latif,Unclassified,42423.0
d32a4a41,R Walters,Batter,24835.0
d365d463,Nurul Hasan,Batter,410765.0
d3851cd8,Ehsan Khan,Bowler,40082.0
d3868bd0,JH Davey,Bowler,407265.0
d38b80df,T Mufudza,Unclassified,453321.0
d3a1c63d,T de Zorzi,Batter,697183.0
d3a3e82d,AB Barath,Batter,274926.0
d3c260a6,Usman Rafiq,Unclassified,772469.0
d3e83eef,F Mutizwa,Batter,55641.0
d405c0d5,AM Hardie,Batter,1124283.0
d4eef961,M de Lange,Bowler,393279.0
d4f9dbd4,CA Pujara,Batter,32540.0
d5130a30,B Sai Sudharsan,Batter,1151288.0
d5403021,BC Lara,Batter,52337.0
d5ae21a2,KD Shah,Batter,401537.0
d5afc103,RO Hinds,Unclassified,52055.0
d5bbb6a2,J Anderson,Batter,44014.0
d5f3b5e1,D Ganga,Batter,51872.0
d666d3a8,BA Parchment,Batter,52687.0
d67d5f00,DA Miller,Batter,321777.0
d68e7f48,R Rampaul,Bowler,52912.0
d69c9b12,NT Pascal,Unclassified,230552.0
d7725664,RA Reifer,Bowler,450101.0
d797ecfe,Rashid Zia,Unclassified,25860.0
d7bfcc0b,Mehran Khan,Unclassified,888565.0
d7c6af50,DL Vettori,Bowler,38710.0
d7d744e5,PG Gillespie,Batter,24243.0
d84378a4,M Kaif,Batter,29990.0
d84a2d8e,DJ Reekers,Batter,38261.0
d8699ab7,ML Hayden,Batter,5616.0
d876610c,Robiul Islam,Unclassified,227455.0
d8906a73,Waqar Younis,Bowler,43543.0
d8976cb7,DG Blampied,Batter,470893.0
d8b2f218,BB Sran,Bowler,537126.0
d8e79af0,AC Botha,Bowler,44102.0
d913103d,K Mahato,Unclassified,1090591.0
d9273ee7,MP Stoinis,Batter,325012.0
d953ed6a,B Zuiderent,Batter,24990.0
d9609443,ST Gabriel,Bowler,446101.0
d96165b5,D Myers,Batter,946517.0
d996ba33,J Kila,Unclassified,302875.0
d99cc23a,T van der Gugten,All-Rounder,333782.0
da045dea,S Mukuddem,Batter,23755.0
da4a1e46,M Spoors,Batter,1062334.0
da785bf8,GB Brent,Unclassified,55269.0
dabbd0ae,B Fernando,Unclassified,629080.0
dadb9703,B Mavuta,Unclassified,806239.0
dadbdb68,JA Duffy,Bowler,547766.0
daf88af6,IS Sohi,Bowler,740153.0
db584dad,CH Gayle,All-Rounder,51880.0
db767b89,TL Best,Bowler,51436.0
dbe50b21,HH Pandya,All-Rounder,625371.0
dbfb8218,DT Tiripano,Unclassified,392945.0
dc0f5506,MJ Hoggard,Unclassified,14236.0
dc2f959a,SO Dowrich,Unclassified,431905.0
dc36a6a5,AN Kervezee,Batter,214695.0
dcbea954,Aasif Sheikh,Batter,1058514.0
dcce6f09,DA Warner,Batter,219889.0
dcdb87f2,Bilal Khan,Bowler,937953.0
dce2019b,F Behardien,Batter,44410.0
dcf81436,S Kaul,Unclassified,326017.0
dd09ff8e,B Lee,Bowler,6278.0
dd121907,TR Gripper,Bowler,55463.0
dd37da14,UWMBCA Welegedara,Bowler,51019.0
dd468277,N M'shangwe,Unclassified,392944.0
dd55b0b0,BP Loots,Unclassified,466610.0
ddb41291,L Sreekumar,Batter,937673.0
ddc0828d,A Flintoff,All-Rounder,12856.0
de063a39,LD Madushanka,Unclassified,428366.0
de0a3209,Mominul Haque,Batter,373696.0
de3acffe,AJ McKay,Bowler,38005.0
de3d549a,AM Fernando,Unclassified,786925.0
de7d833e,D Madushanka,Bowler,793007.0
de8cce37,VVS Laxman,Batter,30750.0
dec8e038,J Theron,Bowler,223642.0
ded9240e,PJ Cummins,Bowler,489889.0
ded9ff1e,JNT Seales,Unclassified,1199304.0
df064e1a,Ravi Bishnoi,Unclassified,1175441.0
df08c69e,KM Dabengwa,Batter,55388.0
df5a6881,DP Conway,Batter,379140.0
df7ed601,T Kaitano,Batter,493765.0
df92d6fb,D Gamage,Bowler,49121.0
dfc4d8b5,KW Richardson,Bowler,272262.0
dff2050b,C Gunasekara,Unclassified,1210293.0
dff967c1,RS Kaluwitharana,Batter,49361.0
e00a9155,SD Heazlett,Unclassified,826679.0
e012ad13,KOA Powell,Batter,252932.0
e01895bb,DT Johnston,Bowler,6038.0
e01aafc1,AN Petersen,Batter,46934.0
e0351c86,DNT Zoysa,Bowler,51050.0
e03b66ec,Mohammad Asif,Bowler,41411.0
e045c165,Rameez Shahzad,Batter,220519.0
e0557f7f,DE Bernard,Batter,51300.0
e087956b,BA Stokes,Batter,311158.0
e15faa51,Javed Omar,Batter,55935.0
e16e7347,CG Williams,Batter,316102.0
e174dadd,Mohammad Amir,Bowler,290948.0
e186f49c,Mashrafe Mortaza,Bowler,56007.0
e1b9f3a9,BJ Dwarshuis,Unclassified,679567.0
e1d1b294,HH Gibbs,Batter,45224.0
e1e81c75,GR Codrington,Bowler,23811.0
e21bc7f3,RD Berrington,Batter,25490.0
e237b28c,Mohammad Yousuf,Batter,43650.0
e258a603,N Dutta,Unclassified,348135.0
e28bb0b9,DO Leicher,Unclassified,1256933.0
e29e9c12,Shakeel Ahmed,All-Rounder,681801.0
e2ee90d9,MA Aponso,Bowler,429748.0
e32d22f6,Pankaj Singh,Unclassified,32973.0
e33616eb,HJC Mol,Bowler,24923.0
e3386c8a,K Bhurtel,Batter,794713.0
e342e5fb,CR Brathwaite,Unclassified,457249.0
e343abe9,NS Poonia,Batter,19276.0
e3540b8c,DS Bajwa,Batter,1229251.0
e38bce7a,MG Bracewell,Batter,326968.0
e3a949be,D Cleaver,Batter,440517.0
e3dd0d8e,R Kaia,Unclassified,392946.0
e3e09091,Zakir Hasan,Batter,697059.0
e3eb9e46,Nizakat Khan,Batter,350629.0
e3fe4b49,F Hand,Unclassified,1099225.0
e412cb64,HF Gurney,Unclassified,244639.0
e4271302,Amjad Ali,Batter,39745.0
e42dff5f,KHRK Fernando,Unclassified,48967.0
e4a0deae,MJ Santner,All-Rounder,502714.0
e5309baa,CP Rizwan,Batter,474760.0
e5437608,GF Linde,Unclassified,481875.0
e5ad357a,MD du Preez,Unclassified,577345.0
e62dd25d,K Rabada,Bowler,550215.0
e64c10dd,VV Morea,Batter,387435.0
e662b18f,JAR Blain,Bowler,25087.0
e66732f8,RD Rickelton,Batter,605661.0
e6b3c3cc,Parveen Kumar,Bowler,1365333.0
e6d298e8,CD de Lange,All-Rounder,44851.0
e6dd77bb,SS McKechnie,Batter,459752.0
e6ddab51,EH Hutchinson,Unclassified,552881.0
e6ec6b42,Aaditya Varadarajan,Batter,1444109.0
e70a0811,Nasir Aziz,Unclassified,447290.0
e734d090,CN Ackermann,Batter,379774.0
e74ad9ea,Habibul Bashar,Batter,55906.0
e798611a,HM Amla,Batter,43906.0
e7ba1233,S Matsikenyeri,Batter,55612.0
e7de4f6b,RR Emrit,Unclassified,51784.0
e7e86505,B Evans,Unclassified,696127.0
e824e6ee,TWM Latham,Batter,388802.0
e82dc4c5,TS Nethula,Unclassified,377639.0
e84ac20c,MJ Henry,Bowler,506612.0
e8511411,SJ Baard,Batter,437927.0
e855edaa,Y Punja,Unclassified,796331.0
e85d03d6,BM Scholtz,Bowler,330223.0
e86754b2,TK Curran,Unclassified,550235.0
e8b5ea8d,A McGrath,Batter,16975.0
e8d7b493,Manjural Islam Rana,Batter,55991.0
e938e1bc,P Kumar,Unclassified,30732.0
e93b6c95,G Singh,Batter,870013.0
e94915e6,SM Curran,Batter,662973.0
e957b38f,AR McBrine,Batter,417381.0
e95cd1f5,S Dhamala,Batter,701211.0
e9630504,Shaiman Anwar,Batter,43121.0
e97aefe2,SI Mahmood,Unclassified,17944.0
e9987a94,C Overton,Unclassified,464626.0
e9a870ed,AC Evans,Bowler,399259.0
e9c14262,MS Tshabalala,Unclassified,47663.0
ea0cdc12,BAW Mendis,Bowler,268739.0
ea3ffd1b,NO Miller,Unclassified,52622.0
ea42ddb9,ME Trescothick,Batter,21585.0
ea59139a,Wasim Ali,Batter,1058938.0
eaa76d3c,C Green,Batter,1076713.0
eade4650,DJ Mitchell,All-Rounder,381743.0
eb2d5fe7,Anwar Ali,Unclassified,232491.0
eb7af112,Mohammad Tauqir,Unclassified,25601.0
eb9cb105,SC Meaker,Unclassified,297634.0
eba6a852,SCJ Broad,Bowler,10617.0
ec02b798,WTS Porterfield,Batter,24611.0
ec4dada1,MN Waller,Batter,55872.0
ec526fca,JP Maher,Batter,6462.0
ec9db8a7,Musa Ahmed,Batter,1184439.0
ecaad7d2,RW Sims,Unclassified,55774.0
ed6894af,D Foxcroft,Batter,596099.0
ed70ac05,BP Kruger,Unclassified,297517.0
ed90abe4,AP Devcich,Batter,36948.0
edfe226f,Omid Shafi Rahman,Unclassified,1411895.0
ee229588,S Movva,Batter,1206190.0
ee5aa838,AGR Loudon,Unclassified,16388.0
ee7d0c82,GD McGrath,Bowler,6565.0
ee95065d,Irfan Khan,Unclassified,1199426.0
ee9bdbc8,Zulqarnain Haider,Unclassified,43860.0
eea6b7f1,SP Fleming,Batter,37000.0
eeeebf82,HA Varaiya,Unclassified,254114.0
eef2536f,Avesh Khan,Unclassified,694211.0
ef18b66e,Taskin Ahmed,Bowler,538506.0
ef5cbaf6,NFI McCallum,Batter,25430.0
ef6aea67,PHT Kaushal,Unclassified,465797.0
ef7a904e,AA Shafique,Batter,513005.0
efa04f87,N Fernandes,Unclassified,334946.0
efb04d81,TK Canning,Unclassified,36632.0
f011dfa3,RC Irani,Batter,15403.0
f048bb41,JM Mennie,Unclassified,439288.0
f05fe9b1,JA Simpson,Unclassified,21440.0
f0e293b0,Zahoor Khan,Bowler,384525.0
f0e58a83,SKW Kelly,Unclassified,252869.0
f0e722e0,Usman Shinwari,Bowler,697279.0
f0f628c7,MM Patel,Bowler,32965.0
f144d99b,Yasir Hameed,Batter,43656.0
f14c62e4,PA Nixon,Unclassified,18023.0
f17971df,BG Rogers,Batter,55736.0
f190c775,K Tathgur,Unclassified,1206188.0
f19ccfad,Washington Sundar,Bowler,719715.0
f1cb042f,PT Collins,Bowler,51479.0
f1f99156,TH David,Unclassified,892749.0
f21043a5,MDKJ Perera,Batter,300631.0
f233bbb4,ST Jayasuriya,All-Rounder,49209.0
f24c6701,M Theekshana,Bowler,1138316.0
f2665768,A Phillip,Unclassified,914467.0
f27f89e8,AR White,Batter,24286.0
f2800ef3,Yasir Shah,Unclassified,43685.0
f28a60e0,Saad Bin Zafar,Bowler,359746.0
f3171936,BW Hilfenhaus,Unclassified,5941.0
f32dbc84,CJ Chibhabha,Batter,55354.0
f390904d,GH Bodi,Batter,44089.0
f3abd0c9,DR Briggs,Unclassified,310107.0
f3bde2b3,KDK Vithanage,Batter,342616.0
f3be8d36,Bilal Asif,Bowler,498875.0
f3cb53a1,MV Boucher,Batter,44111.0
f407e354,M van Jaarsveld,Batter,47700.0
f41598c1,AN Cook,Batter,11728.0
f42064d5,CN Greaves,Bowler,873199.0
f427e63e,NRJ Croes,Batter,1191381.0
f43dd8c2,SM Sharif,Bowler,414970.0
f44af07f,C White,Bowler,22403.0
f468293b,JN Loftie-Eaton,All-Rounder,1071473.0
f476d2a5,Asad Ali,Unclassified,222728.0
f4d6a5b0,R Murray,Batter,696139.0
f5180fe6,MG Johnson,Bowler,6033.0
f5390243,CD McMillan,Batter,37712.0
f53b3e1d,Karan KC,Bowler,800675.0
f55c526f,T Maruma,Batter,235524.0
f56cd097,Rubel Hossain,Bowler,300619.0
f5715b48,Ali Naseer,All-Rounder,1212829.0
f5821615,JS Patel,Unclassified,38141.0
f58839ad,GA Manou,Unclassified,6480.0
f5c198fb,SP Patil,Batter,447458.0
f5ef7ac3,TSS Mackintosh,Batter,1195674.0
f5f18a18,S Randiv,Bowler,50438.0
f6571355,CK Tshuma,Unclassified,959823.0
f6b5d11a,PDRL Perera,Unclassified,49870.0
f6c2659d,Aizaz Khan,Batter,401540.0
f708a0bc,GB Hogg,Bowler,5681.0
f71de062,OL Pitcher,Batter,23702.0
f752db61,JL Pattinson,Unclassified,272465.0
f76d7466,JN Malan,Batter,605680.0
f76ffa81,N Hussain,Batter,14325.0
f771a151,EC Rainsford,Unclassified,55740.0
f78e7113,S Prasanna,Batter,268740.0
f7b2cbe8,C Viljoen,Bowler,387845.0
f7c3d426,CK Holder,Unclassified,914519.0
f7d267f7,NP Kenjige,Bowler,1041679.0
f8035c2a,BDH Stevens,Unclassified,370034.0
f80682f8,Ravinderpal Singh,Unclassified,1159653.0
f834dcfc,L Ngidi,Bowler,542023.0
f842c2cf,MJ Clarke,Batter,4578.0
f846de6a,MN Samuels,Batter,52983.0
f892fcf9,L Sipamla,Unclassified,698143.0
f8c72766,D Heyliger,Bowler,1061467.0
f8f2ec39,MMA Jonkman,Unclassified,306982.0
f8fd6e3f,Ahmed Shehzad,Batter,259410.0
f93b43dd,SK Patel,Batter,532853.0
f987245c,AM Ellis,Bowler,36993.0
f994f4ca,AR Berenger,Batter,384817.0
f9a87783,KL Tucker,Batter,23729.0
f9e6e7ef,Shahbaz Ahmed,Bowler,1159711.0
fa1aa7e7,D Langford-Smith,Unclassified,243942.0
fa433be6,M Labuschagne,Batter,787987.0
fa463154,AB Agarkar,Bowler,26184.0
fb0abc20,Haseeb Amjad,Bowler,539305.0
fb16f6e7,MQ Sheikh,Batter,25434.0
fb2d1dda,N Rana,Unclassified,604527.0
fb3e0d39,C Karunaratne,All-Rounder,623695.0
fb66ce1f,CH Morris,Batter,439952.0
fbaa61d2,KO Otieno,Batter,24714.0
fbb657bb,Babar Hayat,Batter,539304.0
fbc5b9e2,Akram Khan,Unclassified,56221.0
fbc5c0c6,RDM Leverock,Bowler,23742.0
fbcfa528,T Munyonga,Batter,1122853.0
fbdc8309,B Sharki,Batter,1072487.0
fc2fffb5,Abdullah Shafique,Batter,922941.0
fc4375ef,BFW de Leede,All-Rounder,1036191.0
fc54ef7a,BB Seebaran,Unclassified,23785.0
fc55ec67,MR Adair,Batter,526441.0
fc5b1bcc,A Shamshudeen,Unclassified,23866.0
fcbf5a30,D Gough,Bowler,13411.0
fccf5309,PA Desai,Bowler,440977.0
fce581b5,Khushdil Shah,Batter,716733.0
fd093ca9,PL Harris,Bowler,45568.0
fd201eb4,Shahzaib Hasan,Batter,370846.0
fd2bf2a0,Umar Akmal,Batter,317273.0
fd483a3e,V Shetty,Unclassified,342182.0
fd4afedb,N Ncube,Unclassified,333002.0
fd67a507,DI Joyce,Batter,24603.0
fd770945,BT Foakes,Unclassified,364788.0
fd835ab3,DJ Hussey,Batter,5766.0
fd8f11e9,JM How,Batter,37265.0
fdac5295,JAH Marshall,Batter,37698.0
fdb8ed0d,SD Parry,Bowler,215058.0
fdd414ab,Al Sahariar,Batter,56219.0
fdedb37c,SM Katich,Batter,6128.0
fe11caa6,WP Saha,Unclassified,279810.0
fe366f34,C Connolly,Batter,1210488.0
fe5175ce,Yasir Mohammad,Unclassified,1294031.0
fe763256,Y Venugopal Rao,Batter,35805.0
fe93fd9d,RA Jadeja,All-Rounder,234675.0
feb37330,Moin Khan,Batter,41306.0
fec50c96,SMA Priyanjan,Batter,233802.0
fef92afc,SC Kuggeleijn,Bowler,539548.0
ff014c34,HG Munsey,Batter,671805.0
ff077124,Kamran Akmal,Batter,41028.0
ff154ecd,JM Cox,Batter,1112537.0
ff1e12a0,AJ Turner,Unclassified,500268.0
ff1ec94d,R Klein,Unclassified,594996.0
ff3f6fc1,Mohammad Haris,Batter,1205559.0
ff6a7ab5,R Trumpelmann,Bowler,698317.0
ffb504b1,XM Marshall,Batter,52626.0
ffe699c0,CJ Jordan,Unclassified,288992.0
